AIN,TOC Status,confirmTOC,notes,include,Address,cp_casenum,full_approvetime,minus_holddays,zc_floorarea,total_units,aff_units,mr_units,pct_aff,% Owner-Occupied,Council District,Median Household Income (Lagged 2012-2016)2,Median Home Value (Lagged 2012-2016)3,Median Gross Rent (Lagged 2012-2016)4,TOC Dist,ProximityCBD,ZIPCODE,PerSingleFam,LV 2012,LV2020,LV 2015,AIN JOINCHECK,Address JOINCHECK,SPA DUMMY,REDEV DUMMY
2138003020,Non-TOC BR,,,1,7043 N JORDAN AVE,,363,363,42095,33,0,33,0,16.66666667,3,40016,257300,1094,-3360.469507,0.009952085,91303,13.03885045,581700,2177800,1401300,2138003020,7043 N JORDAN AVE,0,1
2138022010,Non-TOC Disc,,,1,21121 W VANOWEN ST,DIR-2016-4563-SPP,749,749,97611.8,101,0,101,0,43.39464883,3,50363,388900,1190,715.6466371,0.004137242,91335,51.96982397,936000,2616100,1835200,2138022010,21121 W VANOWEN ST,0,0
2148027005,Non-TOC Disc,,,1,20944 W VANOWEN ST,DIR-2016-3485-AC,540,540,46360,38,0,38,0,43.39464883,3,50363,388900,1190,715.6466371,0.004137242,91335,51.96982397,936000,2616100,1835200,2148027005,20944 W VANOWEN ST,0,0
2206011022,Non-TOC BR,,,1,15755 W SATICOY ST,,497,497,33532,24,0,24,0,28.4272997,6,44924,394700,1063,2386.448902,0.008744046,91406,37.16363636,1050800,2827900,1981200,2206011022,15755 W SATICOY ST,0,0
2210031012,Non-TOC Disc,,,1,7639 N VAN NUYS BLVD,DIR-2016-2920-DB,659,659,31359,36,4,32,0.111111111,26.91897655,6,42571,346400,1124,-2195.717336,0.011552799,91405,22.57217848,973700,2909200,1905400,2210031012,7639 N VAN NUYS BLVD,0,0
2220005003,Non-TOC BR,,,1,14954 W SHERMAN WAY,,546,546,24840,21,0,21,0,29.26229508,3,40242,367300,1083,1254.473987,0.009302189,91335,36.11332801,936000,2616100,1835200,2220005003,14954 W SHERMAN WAY,0,1
2221021005,Non-TOC BR,,,1,14912 W WYANDOTTE ST,,607,607,13055.75,10,1,9,0.1,34.93095045,2,40357,399600,1213,-1959.69291,0.005597018,91405,35.97842835,973700,2909200,1905400,2221021005,14912 W WYANDOTTE ST,0,0
2224004006,Non-TOC Disc,,,1,16030 W SHERMAN WAY,DIR-2017-2480-DB,999,939,58997,54,7,47,0.12962963,29.26229508,3,40242,367300,1083,1254.473987,0.009302189,91335,36.11332801,936000,2616100,1835200,2224004006,16030 W SHERMAN WAY,0,1
2237001017,Non-TOC Disc,,,1,6600 N VAN NUYS BLVD,DIR-2016-2062-DB-SPR-CDO,1084,733,59770,54,6,48,0.111111111,18.82985878,6,34583,378800,1163,-2978.472814,0.003850361,91405,22.8956229,973700,2909200,1905400,2237001017,6600 N VAN NUYS BLVD,0,0
2239006030,Non-TOC Disc,,,1,13724 W VICTORY BLVD,CPC-2016-2612-VZC-SPR-DB,1113,1051,61245,67,4,63,0.059701493,27.51736111,2,45168,551700,1122,966.9221711,0.024047978,91401,42.10963455,1594700,3676400,2502700,2239006030,13724 W VICTORY BLVD,0,0
2239023003,Non-TOC BR,,,1,6015 N WOODMAN AVE,,669,669,12240,14,0,14,0,22.0971564,2,40100,475000,1133,2575.739974,0.00712075,91401,26.78132678,1594700,3676400,2502700,2239023003,6015 N WOODMAN AVE,0,0
2240012014,Non-TOC Disc,,,1,6363 N TYRONE AVE,DIR-2018-63-DB-CDO,560,407,39635,30,6,24,0.2,4.336399474,6,28087,436400,1160,-1377.639058,0.012500265,91401,3.344051447,1594700,3676400,2502700,2240012014,6363 N TYRONE AVE,0,0
2240013006,Non-TOC BR,,,1,14222 W VICTORY BLVD,,764,764,20011.4,18,3,15,0.166666667,4.336399474,6,28087,436400,1160,-948.3799504,0.012500265,91401,3.344051447,1594700,3676400,2502700,2240013006,14222 W VICTORY BLVD,0,0
2241013013,Non-TOC Disc,,,1,14540 W ERWIN ST,DIR-2017-1079-DB-CDO,648,548,46713,48,6,42,0.125,3.723404255,6,24183,0,1095,-1940.215366,0.013651192,91411,9.137931034,1503400,3818900,2643100,2241013013,14540 W ERWIN ST,0,0
2241017010,TOC BR,1,,1,14848 W DELANO ST,,330,330,11338.26,10,1,9,0.1,3.723404255,6,24183,0,1095,-66.63989392,0.013651192,91411,9.137931034,1503400,3818900,2643100,2241017010,14848 W DELANO ST,0,0
2241022003,Non-TOC BR,,,1,14612 W CALVERT ST,,357,357,26463.3,19,0,19,0,3.723404255,6,24183,0,1095,-1749.553876,0.013651192,91411,9.137931034,1503400,3818900,2643100,2241022003,14612 W CALVERT ST,0,0
2246020015,Non-TOC BR,,,1,11401 N PORTER RANCH DR,,614,614,20128,15,0,15,0,61.58124752,12,104182,738100,1913,9726.496328,0.000193459,91326,68.16011752,991300,2053600,1538400,2246020015,11401 N PORTER RANCH DR,1,0
2248004017,Non-TOC Disc,,,1,4806 N SYLMAR AVE,DIR-2017-2142-DB,601,601,24061,11,1,10,0.090909091,38.83248731,4,68438,635400,1573,-75.28548354,0.009910483,91423,28.41450018,2221100,4615700,3483600,2248004017,4806 N SYLMAR AVE,0,0
2248005024,Non-TOC BR,,,1,14419 W RIVERSIDE DR,,765,765,16132,12,0,12,0,38.83248731,4,68438,635400,1573,-92.31723325,0.009910483,91423,28.41450018,2221100,4615700,3483600,2248005024,14419 W RIVERSIDE DR,0,0
2276041017,Non-TOC Disc,,,1,4409 N SAUGUS AVE,ENV-2018-3792-CE,429,429,20885,12,0,12,0,29.35118435,4,84652,730400,1681,-1274.919019,0.008593093,91403,32.20282069,2112800,4411200,3348800,2276041017,4409 N SAUGUS AVE,0,0
2276042001,Non-TOC BR,,,1,4383 N SEPULVEDA BLVD,,1065,1065,18645,16,0,16,0,80.30418251,11,120511,866500,1439,1852.448038,0.019549609,90230,21.51,3298600,7373200,5382500,2276042001,4383 N SEPULVEDA BLVD,0,0
2284001016,Non-TOC Disc,,,1,4741 N LIBBIT AVE,DIR-2018-5437-DB,546,546,64767,45,4,41,0.088888889,73.33999001,5,129196,887700,2418,4024.998349,0.013420275,91436,81.26283368,1784300,3883300,2813000,2284001016,4741 N LIBBIT AVE,0,0
2314007017,Non-TOC Disc,,,1,11065 W ARMINTA ST,APCNV-2015-476-ZC,1775,1733,28572,20,0,20,0,45.02762431,6,45667,392900,1060,-1212.354997,0.00796962,91352,52.5,760300,2184300,1429700,2314007017,11065 W ARMINTA ST,0,0
2314008036,Non-TOC Disc,,,0,11050 W ARMINTA ST,CPC-2009-2597-GPA-ZC-DB-SPR,3193,3193,126613,110,0,110,0,54.63636364,6,50000,365100,1343,-1207.089391,0.016396537,91352,58.56353591,760300,2184300,1429700,2314008036,11050 W ARMINTA ST,0,0
2317017002,TOC DISC,1,,1,7401 N LANKERSHIM BLVD,DIR-2018-1500-TOC-SPR,776,776,105283,108,9,99,0.083333333,9.461966605,2,27241,361800,1000,-1317.663657,0.014992825,91605,11.01622545,927100,2766700,1850800,2317017002,7401 N LANKERSHIM BLVD,0,0
2324029019,Non-TOC BR,,,1,6825 N WHITSETT AVE,,722,722,11147,11,0,11,0,54.06732118,2,54806,506500,1269,3216.798009,0.014555116,91606,56.18055556,1333000,3413000,2351300,2324029019,6825 N WHITSETT AVE,0,0
2328012003,Non-TOC BR,,,1,13654 W BASSETT ST,,258,258,17664,17,2,15,0.117647059,29.82345523,2,45397,486100,1086,216.4703925,0.013040033,91405,33.01204819,973700,2909200,1905400,2328012003,13654 W BASSETT ST,0,0
2328033043,Non-TOC BR,,,1,7040 N WOODMAN AVE,,548,548,41590,22,0,22,0,29.82345523,2,45397,486100,1086,215.069679,0.013040033,91405,33.01204819,973700,2909200,1905400,2328033043,7040 N WOODMAN AVE,0,0
2332021018,Non-TOC BR,,,1,12611 W OXNARD ST,,984,984,16117.7,11,3,8,0.272727273,16.7031364,3,72337,222100,2089,-2635.324871,0.003216492,91367,2.918149466,1047500,2338200,1731300,2332021018,12611 W OXNARD ST,1,0
2333010017,Non-TOC Disc,,,1,6144 N WHITSETT AVE,DIR-2010-483-DB,541,520,26470,16,0,16,0,54.06732118,2,54806,506500,1269,3216.798009,0.014555116,91606,56.18055556,1333000,3413000,2351300,2333010017,6144 N WHITSETT AVE,0,0
2334011030,Non-TOC BR,,,1,11950 W ERWIN ST,,1701,1701,178417,161,0,161,0,27.38179252,2,49866,522100,1299,1742.185099,0.005426686,91606,43.19526627,1333000,3413000,2351300,2334011030,11950 W ERWIN ST,0,1
2335025017,Non-TOC Disc,,,1,6302 N BECK AVE,ENV-2018-3355-CE,924,924,11810,11,0,11,0,12.47582205,2,32038,410800,1074,833.3896228,0.003038731,91606,18.27309237,1333000,3413000,2351300,2335025017,6302 N BECK AVE,0,0
2335032012,Non-TOC Disc,,,1,6226 N COLFAX AVE,EIO,630,630,50295,41,4,37,0.097560976,12.47582205,2,32038,410800,1074,1084.935254,0.003038731,91606,18.27309237,1333000,3413000,2351300,2335032012,6226 N COLFAX AVE,0,0
2335032017,Non-TOC Disc,,,1,11671 W ERWIN ST,DIR-2017-1999-DB-WDI,362,347,11625,10,1,9,0.1,12.47582205,2,32038,410800,1074,1302.016095,0.003038731,91606,18.27309237,1333000,3413000,2351300,2335032017,11671 W ERWIN ST,0,0
2337009005,Non-TOC BR,,,1,11329 W OXNARD ST,,482,482,12951,10,0,10,0,16.7031364,3,72337,222100,2089,-2635.324871,0.003216492,91367,2.918149466,1047500,2338200,1731300,2337009005,11329 W OXNARD ST,1,0
2337034016,Non-TOC BR,,,1,5617 N KLUMP AVE,,548,548,5599,10,0,10,0,9.432048682,2,36682,344000,1143,-1239.267824,0.005893456,91601,24.21959096,1701900,4341000,3056100,2337034016,5617 N KLUMP AVE,0,1
2338010023,Non-TOC BR,,,1,11490 W OXNARD ST,,460,460,10473,12,0,12,0,16.7031364,3,72337,222100,2089,-2635.324871,0.003216492,91367,2.918149466,1047500,2338200,1731300,2338010023,11490 W OXNARD ST,1,0
2338023005,Non-TOC Disc,,,1,5758 N CAMELLIA AVE,TT-73361-CN-M1,1378,1378,16203,13,0,13,0,24.43342776,2,43306,589500,1147,212.4781583,0.01584762,91601,29.66226138,1701900,4341000,3056100,2338023005,5758 N CAMELLIA AVE,0,0
2338024009,Non-TOC Disc,,,1,11436 W HATTERAS ST,APCSV-2014-2529-ZC,1383,1383,25976,28,0,28,0,24.43342776,2,43306,589500,1147,-24.20379122,0.01584762,91601,29.66226138,1701900,4341000,3056100,2338024009,11436 W HATTERAS ST,0,1
2338028017,TOC DISC,1,,1,5610 N CAMELLIA AVE,"	DIR-2017-2919-TOC",721,721,42245,62,6,56,0.096774194,24.43342776,2,43306,589500,1147,-713.5882207,0.01584762,91601,29.66226138,1701900,4341000,3056100,2338028017,5610 N CAMELLIA AVE,0,1
2340006015,Non-TOC BR,,,1,5923 N LAUREL CANYON BLVD,,407,407,14188,11,0,11,0,29.05660377,2,50370,562900,1263,3793.072443,0.011285545,91607,36.76961603,2045800,,3221900,2340006015,5923 N LAUREL CANYON BLVD,0,1
2347008021,Non-TOC Disc,,,1,5405 N HERMITAGE AVE,DIR-2017-3204-SPP,433,381,16299,11,0,11,0,10.2464332,2,37744,440500,1224,4167.430303,0.004356627,91607,7.822685789,2045800,,3221900,2347008021,5405 N HERMITAGE AVE,1,0
2347019010,Non-TOC Disc,,,1,12147 W MAGNOLIA BLVD,DIR-2017-4324-DB-SPP,559,501,26652,36,4,32,0.111111111,69.53846154,4,83068,638600,1527,2143.824113,0.029823648,91505,9.02,1875600,4174400,2953900,2347019010,12147 W MAGNOLIA BLVD,0,0
2347026001,Non-TOC Disc,,,1,12301 W MAGNOLIA BLVD,DIR-2017-5302-SPP,665,555,42737,26,0,26,0,69.53846154,4,83068,638600,1527,2143.824113,0.029823648,91505,8.69,1875600,4174400,2953900,2347026001,12301 W MAGNOLIA BLVD,0,0
2347031029,Non-TOC Disc,,,1,12444 W CHANDLER BLVD,CPC-2015-3338-DB-SPR-SPP,1152,1037,63932,69,9,60,0.130434783,21.08610568,2,45357,592600,1266,-891.3541419,0.018359145,91601,21.28737962,1701900,4341000,3056100,2347031029,12444 W CHANDLER BLVD,0,1
2350001020,Non-TOC Disc,,,1,11616 W BURBANK BLVD,TT-74950-CN,293,111,32497,21,2,19,0.095238095,85.49905838,3,123304,692600,3185,7436.938519,0.014433265,91367,44.79,1047500,2338200,1731300,2350001020,11616 W BURBANK BLVD,0,0
2350003059,Non-TOC Disc,,,1,5525 N CASE AVE,DIR-2017-1545-DB-SPR,412,412,94569,98,9,89,0.091836735,21.08610568,2,45357,592600,1266,-1590.556964,0.018359145,91601,21.28737962,1701900,4341000,3056100,2350003059,5525 N CASE AVE,0,1
2350005054,Non-TOC Disc,,,1,5550 N BONNER AVE,TT-82240-CN,792,685,44065,48,0,48,0,21.08610568,2,45357,592600,1266,-1475.980977,0.018359145,91601,21.28737962,1701900,4341000,3056100,2350005054,5550 N BONNER AVE,0,1
2350007065,Non-TOC Disc,,,1,11433 W ALBERS ST,DIR-2016-599-DB,752,573,41696,59,11,48,0.186440678,35.90561224,2,50990,555800,1264,-1669.277629,0.015891034,91601,36.7816092,1701900,4341000,3056100,2350007065,11433 W ALBERS ST,0,1
2350010015,TOC BR,1,,1,11502 W CUMPSTON ST,,549,549,12093,20,3,17,0.15,35.90561224,2,50990,555800,1264,-1256.15213,0.015891034,91601,36.7816092,1701900,4341000,3056100,2350010015,11502 W CUMPSTON ST,0,0
2350010016,Non-TOC Disc,,,1,11525 W CHANDLER BLVD,CPC-2016-4493-VZC-SPR,463,463,42137,60,6,54,0.1,21.08610568,2,45357,592600,1266,-891.3541419,0.018359145,91601,21.28737962,1701900,4341000,3056100,2350010016,11525 W CHANDLER BLVD,0,1
2350012028,Non-TOC Disc,,,0,11311 W CHANDLER BLVD,DIR-2007-5802-SPR,4303,4303,125564,127,11,116,0.086614173,5.428571429,2,38703,270700,1458,-2557.424414,0.014372128,91601,7.482746095,1701900,4341000,3056100,2350012028,11311 W CHANDLER BLVD,0,1
2350018094,Non-TOC BR,,,1,11115 W MCCORMICK ST,,646,646,16687.48,14,0,14,0,5.428571429,2,38703,270700,1458,-3098.607484,0.014372128,91601,7.482746095,1701900,4341000,3056100,2350018094,11115 W MCCORMICK ST,0,1
2353003019,Non-TOC Disc,,,1,11241 W OTSEGO ST,EIO,375,375,32568,42,0,42,0,8.918482647,2,55653,319800,1390,-1832.002136,0.003638927,91601,1.759186865,1701900,4341000,3056100,2353003019,11241 W OTSEGO ST,0,1
2353013004,TOC DISC,1,,1,11246 W OTSEGO ST,"	DIR-2018-1257-TOC",947,947,50690,70,7,63,0.1,8.918482647,2,55653,319800,1390,-1795.326029,0.003638927,91601,1.759186865,1701900,4341000,3056100,2353013004,11246 W OTSEGO ST,0,1
2353022009,TOC BR,1,,1,11280 W PEACH GROVE ST,,215,215,18045,21,3,18,0.142857143,26.18806876,2,70000,482300,1524,-354.0044693,0.002953714,91601,16.61764706,1701900,4341000,3056100,2353022009,11280 W PEACH GROVE ST,0,1
2353023018,Non-TOC Disc,,,1,11311 W CAMARILLO ST,DIR-2016-4332-DB-SPR,716,716,57523,60,6,54,0.1,26.18806876,2,70000,482300,1524,145.8262249,0.002953714,91602,16.61764706,2559000,5143700,3944800,2353023018,11311 W CAMARILLO ST,0,1
2354012049,Non-TOC Disc,,,1,11445 N RIVERSIDE DR,DIR-2016-1533-SPP,872,684,29434,29,2,27,0.068965517,35.90561224,2,50990,555800,1264,519.2665371,0.015891034,91602,36.7816092,2559000,5143700,3944800,2354012049,11445 N RIVERSIDE DR,1,0
2355005061,Non-TOC Disc,,,1,11700 W MAGNOLIA BLVD,DIR-2016-721-SPP,697,697,22188,19,0,19,0,69.53846154,4,83068,638600,1527,2143.824113,0.029823648,91505,4.89,1875600,4174400,2953900,2355005061,11700 W MAGNOLIA BLVD,0,0
2356020011,Non-TOC Disc,,,1,5110 N WHITSETT AVE,DIR-2017-4920-SPP,346,346,38220,15,0,15,0,54.06732118,2,54806,506500,1269,3216.798009,0.014555116,91606,56.18055556,1333000,3413000,2351300,2356020011,5110 N WHITSETT AVE,0,0
2359024031,Non-TOC BR,,,1,5020 N WOODMAN AVE,,434,434,68804,51,0,51,0,40.29535865,4,80161,699300,1450,3529.680735,0.00955828,91423,49.08396947,2221100,4615700,3483600,2359024031,5020 N WOODMAN AVE,0,0
2360021021,Non-TOC BR,,,1,4707 N FULTON AVE,,541,541,23998,17,0,17,0,28.67429055,4,74042,645100,1565,4654.284569,0.008195738,91423,17.08217913,2221100,4615700,3483600,2360021021,4707 N FULTON AVE,0,0
2367014027,Non-TOC BR,,,1,4114 N VANTAGE AVE,,274,274,28281,18,0,18,0,41.69224025,2,78558,869100,1688,7319.544365,0.012619771,91604,43.75272094,2688000,5506300,4130700,2367014027,4114 N VANTAGE AVE,0,0
2368004020,Non-TOC BR,,,1,12012 W VALLEYHEART DR,,666,666,29867,21,0,21,0,40.24953789,2,74700,690000,1682,5340.481294,0.015823284,91604,23.41888176,2688000,5506300,4130700,2368004020,12012 W VALLEYHEART DR,0,0
2368009015,Non-TOC BR,,,1,4322 N GENTRY AVE,,544,544,15986,10,0,10,0,40.24953789,2,74700,690000,1682,5354.587672,0.015823284,91604,23.41888176,2688000,5506300,4130700,2368009015,4322 N GENTRY AVE,0,0
2409003046,Non-TOC Disc,,,1,10966 W RATNER ST,DIR-2017-3457-DB,391,323,34805,44,43,1,0.977272727,21.89542484,6,32625,366000,1109,-2343.496006,0.008377749,91352,34.74178404,760300,2184300,1429700,2409003046,10966 W RATNER ST,0,0
2419001020,Non-TOC BR,,,1,10947 W HARTSOOK ST,,545,545,13695,12,0,12,0,16.49166152,2,47121,477700,1265,-2040.717054,0.004096749,91601,15.24277812,1701900,4341000,3056100,2419001020,10947 W HARTSOOK ST,0,0
2419001025,Non-TOC Disc,,,1,10925 W HARTSOOK ST,EIO,421,421,61565,42,0,42,0,16.49166152,2,47121,477700,1265,-1995.107333,0.004096749,91601,15.24277812,1701900,4341000,3056100,2419001025,10925 W HARTSOOK ST,0,0
2419008017,Non-TOC Disc,,,1,10812 W MAGNOLIA BLVD,VTT-68054,1090,1090,36017,31,0,31,0,69.53846154,4,83068,638600,1527,2143.824113,0.029823648,91505,16.73,1875600,4174400,2953900,2419008017,10812 W MAGNOLIA BLVD,0,0
2421014032,Non-TOC BR,,,1,10910 W PEACH GROVE ST,,271,271,18048,13,0,13,0,23.62294151,2,57188,499300,1459,-1450.104618,0.003942664,91601,18.55670103,1701900,4341000,3056100,2421014032,10910 W PEACH GROVE ST,0,0
2423005014,Non-TOC BR,,,1,10742 W RIVERSIDE DR,,525,525,5006,12,0,12,0,43.56568365,4,95703,780700,1633,-2251.764648,0.016433565,91602,18.32740214,2559000,5143700,3944800,2423005014,10742 W RIVERSIDE DR,0,0
2424002005,Non-TOC BR,,,1,4400 N CAHUENGA BLVD,,395,395,11995,10,0,10,0,1.199040767,13,22334,0,1152,-1822.823434,0.004788595,90028,0,4388900,7361400,5920300,2424002005,4400 N CAHUENGA BLVD,0,1
2424005001,Non-TOC Disc,,,0,10352 W RIVERSIDE DR,ENV-2005-5088-MND,5239,5239,19958,12,0,12,0,43.56568365,4,95703,780700,1633,462.8191193,0.016433565,91602,18.32740214,2559000,5143700,3944800,2424005001,10352 W RIVERSIDE DR,0,0
2513006900,Non-TOC BR,,,1,13574 W FOOTHILL BLVD,,213,213,19879,27,26,1,0.962962963,39.4054396,7,51190,277400,1239,5457.175865,0.010327847,91342,33.75156838,501300,1609400,1107600,2513006900,13574 W FOOTHILL BLVD,0,0
2530008901,Non-TOC Disc,,,1,11800 W KAGEL CANYON ST,DIR-2018-2406-ACI-DB-WDI,621,572,44044,49,48,1,0.979591837,44.97505346,7,42435,258100,1298,6426.232947,0.009559373,91342,37.2172721,501300,1609400,1107600,2530008901,11800 W KAGEL CANYON ST,0,0
2565013040,Non-TOC Disc,,,1,10140 N HILLHAVEN AVE,DIR-2018-78-DB,682,682,34261,34,8,26,0.235294118,15.2360515,7,36701,328600,1141,24362.18022,0.009541857,91042,12.49455812,1026800,2683500,1885300,2565013040,10140 N HILLHAVEN AVE,1,0
2565015065,Non-TOC Disc,,,1,10209 N SAMOA AVE,ADM-2018-6800-OVR,533,533,15320,11,0,11,0,15.2360515,7,36701,328600,1141,25187.82973,0.009541857,91042,12.49455812,1026800,2683500,1885300,2565015065,10209 N SAMOA AVE,1,0
2565015119,Non-TOC Disc,,,1,10240 N COMMERCE AVE,ENV-2018-3101-CE,322,322,34221,36,3,33,0.083333333,15.2360515,7,36701,328600,1141,25050.52657,0.009541857,91042,12.49455812,1026800,2683500,1885300,2565015119,10240 N COMMERCE AVE,1,0
2654008024,Non-TOC BR,,,1,8837 N BURNET AVE,,1040,1040,16248,12,0,12,0,18.91891892,6,36500,283500,1107,986.7241999,0.016508358,91343,10.30640669,733800,1959800,1344300,2654008024,8837 N BURNET AVE,0,1
2654014031,Non-TOC BR,,,1,15528 W RAYEN ST,,520,520,16273,18,0,18,0,2.224576271,6,24292,135900,1111,1267.794855,0.005317514,91343,0,733800,1959800,1344300,2654014031,15528 W RAYEN ST,0,1
2654022017,Non-TOC Disc,,,1,15230 W PARTHENIA ST,ENV-2014-1659-MND,1534,1534,43906,41,0,41,0,24.39797212,6,37371,231100,1137,-36.23659134,0.010066484,91343,12.12856277,733800,1959800,1344300,2654022017,15230 W PARTHENIA ST,0,1
2654025044,TOC BR,1,,1,8444 N COLUMBUS AVE,,581,581,31904,25,2,23,0.08,64.41761364,7,76413,336900,1210,-2135.253078,0.004238514,91343,62.25255973,733800,1959800,1344300,2654025044,8444 N COLUMBUS AVE,0,0
2654037024,Non-TOC Disc,,,1,15309 W CABRITO ROAD,AA-2018-1599-COC,370,370,39726,32,0,32,0,4.287790698,6,27207,274200,982,-562.110941,0.018524208,91406,0,1050800,2827900,1981200,2654037024,15309 W CABRITO ROAD,0,1
2764013011,Non-TOC Disc,,,1,9131 N DARBY AVE,CPC-2016-4190-VZC-HD-BL-DB-SPR,657,657,161067,146,17,129,0.116438356,39.41018767,12,49688,431500,1244,-2084.792044,0.009982617,91325,54.36487193,704700,1824900,1270900,2764013011,9131 N DARBY AVE,0,0
2786006016,TOC BR,1,,1,8548 N RESEDA BLVD,,880,880,29164,39,5,34,0.128205128,33.30058939,12,41383,475900,1150,-700.6365774,0.004260155,91324,38.34296724,887200,2136000,1530100,2786006016,8548 N RESEDA BLVD,0,0
2787017012,Non-TOC Disc,,,1,17455 W ROSCOE BLVD,CPC-2015-3215-CU-ZV-ZAA-SPR,1536,1536,18823,24,0,24,0,34.68862584,12,60665,617000,1232,4245.079171,0.009426689,91325,35.85100879,704700,1824900,1270900,2787017012,17455 W ROSCOE BLVD,0,0
2787019007,Non-TOC Disc,,,1,17361 W ROSCOE BLVD,CPC-2015-3215-CU-ZV-ZAA-SPR,1529,1529,41516,53,0,53,0,34.68862584,12,60665,617000,1232,4702.626135,0.009426689,91325,35.85100879,704700,1824900,1270900,2787019007,17361 W ROSCOE BLVD,0,0
4006004011,Non-TOC Disc,,,1,6109 S CRENSHAW BLVD,DIR-2017-499-DB-SPR-SPP,470,385,50643,75,6,69,0.08,3.389830508,8,16835,332600,897,-2351.069554,0.004131105,90043,14.4,1437100,4140200,2489700,4006004011,6109 S CRENSHAW BLVD,1,1
4006020010,TOC DISC,1,,1,6521 S BRYNHURST AVE,DIR-2019-1157-TOC,378,354,44384,41,5,36,0.12195122,21.42343638,8,25750,344100,966,-1829.110412,0.006242917,90043,25.79617834,1437100,4140200,2489700,4006020010,6521 S BRYNHURST AVE,1,1
4006022018,Non-TOC BR,,,1,6740 S BRYNHURST AVE,,302,302,15690,12,2,10,0.166666667,28.39116719,8,25958,345800,1010,-2376.435813,0.015436971,90043,39.1550747,1437100,4140200,2489700,4006022018,6740 S BRYNHURST AVE,1,1
4103008016,Non-TOC BR,,,1,7001 S LA TIJERA BLVD,,225,225,34190,23,0,23,0,16.37305699,11,64228,466500,1775,-1469.124553,0.008880074,90045,9.552344025,3192300,6669700,4650300,4103008016,7001 S LA TIJERA BLVD,1,0
4103022009,TOC DISC,1,,1,5506 W THORNBURN ST,DIR-2019-898-TOC,547,532,16803,12,3,9,0.25,16.37305699,11,64228,466500,1775,-471.7620427,0.008880074,90045,9.552344025,3192300,6669700,4650300,4103022009,5506 W THORNBURN ST,1,0
4108019029,TOC DISC,1,,1,8521 S SEPULVEDA BLVD,DIR-2017-1735-TOC-SPR-CDO,1085,938,75127,87,8,79,0.091954023,79.31623932,11,112965,776400,1700,-2313.137226,0.010549321,90045,65.38308853,3192300,6669700,4650300,4108019029,8521 S SEPULVEDA BLVD,1,0
4110001004,Non-TOC Disc,,,1,6711 S SEPULVEDA BLVD,DIR-2017-4077-DB-WDI-SPR,700,518,160424,180,15,165,0.083333333,79.31623932,11,112965,776400,1700,-2676.637981,0.010549321,90045,65.38308853,3192300,6669700,4650300,4110001004,6711 S SEPULVEDA BLVD,1,0
4110001005,Non-TOC Disc,,,1,6733 S SEPULVEDA BLVD,DIR-2016-1648-SPR,1305,1203,148900,176,0,176,0,79.31623932,11,112965,776400,1700,-2659.599188,0.010549321,90045,65.38308853,3192300,6669700,4650300,4110001005,6733 S SEPULVEDA BLVD,1,0
4113001004,Non-TOC Disc,,,1,1 S LMU DR,DIR-2013-1330-SPP,2300,2300,100064,41,0,41,0,61.48359486,11,83068,796900,2456,459.5082704,0.015840637,90045,85.07042254,3192300,6669700,4650300,4113001004,1 S LMU DR,1,0
4208007039,TOC DISC,1,,1,10424 W VENICE BLVD,DIR-2018-3021-TOC,627,487,62319,79,8,71,0.101265823,18.27768014,5,59091,839200,1458,-2438.798179,0.008435501,90066,22.63092269,4282700,9314300,6683500,4208007039,10424 W VENICE BLVD,1,0
4217016001,Non-TOC BR,,,1,11500 W CULVER BLVD,,294,294,19245.56,15,0,15,0,32.85714286,11,42063,650400,1223,2152.667522,0.010601093,90066,28.21956369,4282700,9314300,6683500,4217016001,11500 W CULVER BLVD,1,0
4217018032,Non-TOC Disc,,,1,11612 W CULVER BLVD,CPC-2015-4522-DB,851,851,31256,40,4,36,0.1,32.85714286,11,42063,650400,1223,2448.679889,0.010601093,90066,28.21956369,4282700,9314300,6683500,4217018032,11612 W CULVER BLVD,1,0
4221023022,Non-TOC BR,,,1,4965 S CENTINELA AVE,,266,266,25102,25,2,23,0.08,46.66092202,11,86250,767300,1686,520.9462964,0.014770492,90066,48.90885751,4282700,9314300,6683500,4221023022,4965 S CENTINELA AVE,1,0
4221023034,Non-TOC Disc,,,1,4971 S CENTINELA AVE,DIR-2018-2241-WDI,341,341,26700,15,0,15,0,46.66092202,11,86250,767300,1686,449.716741,0.014770492,90066,48.90885751,4282700,9314300,6683500,4221023034,4971 S CENTINELA AVE,1,0
4233018012,Non-TOC BR,,,1,11940 W LOUISE AVE,,478,478,15362,11,0,11,0,19.77231875,11,52829,635300,1288,3139.736706,0.01438674,90066,19.98837885,4282700,9314300,6683500,4233018012,11940 W LOUISE AVE,1,0
4233020016,Non-TOC Disc,,,1,11955 W CULVER BLVD,CPC-2018-4231-DB-WDI,539,539,24356,24,3,21,0.125,19.77231875,11,52829,635300,1288,3194.179547,0.01438674,90066,19.98837885,4282700,9314300,6683500,4233020016,11955 W CULVER BLVD,1,0
4233023022,Non-TOC Disc,,,1,11800 W COURTLEIGH DR,TT-77174-CN,544,542,28725,18,0,18,0,19.77231875,11,52829,635300,1288,2723.900022,0.01438674,90066,19.98837885,4282700,9314300,6683500,4233023022,11800 W COURTLEIGH DR,1,0
4235002015,Non-TOC Disc,,,1,3827 S FRANCES AVE,DIR-2017-4384-DB,581,553,20481,18,2,16,0.111111111,15.70319241,11,60955,686100,1464,3035.923122,0.004491336,90066,9.298085688,4282700,9314300,6683500,4235002015,3827 S FRANCES AVE,1,0
4235004001,Non-TOC BR,,,1,12602 W MATTESON AVE,,350,350,22260,15,0,15,0,15.70319241,11,60955,686100,1464,3043.453941,0.004491336,90066,9.298085688,4282700,9314300,6683500,4235004001,12602 W MATTESON AVE,1,0
4235026016,Non-TOC Disc,,,1,3960 S GRAND VIEW BLVD,CPC-2014-491-VZC-ZAA,2110,1473,44232,50,49,1,0.98,12.85637439,11,50865,712500,1229,2741.326205,0.016448444,90066,11.33190118,4282700,9314300,6683500,4235026016,3960 S GRAND VIEW BLVD,1,0
4236015022,Non-TOC BR,,,1,12807 W MATTESON AVE,,501,501,12622,10,0,10,0,20.53789731,11,64138,647300,1385,1762.998905,0.006223232,90066,12.0906801,4282700,9314300,6683500,4236015022,12807 W MATTESON AVE,1,0
4236021021,Non-TOC BR,,,1,12800 W ZANJA ST,,288,288,11582,10,0,10,0,20.53789731,11,64138,647300,1385,1878.853452,0.006223232,90066,12.0906801,4282700,9314300,6683500,4236021021,12800 W ZANJA ST,1,0
4242033001,Non-TOC BR,,,1,1503 E VENICE BLVD,,319,319,19838,31,0,31,0,7.25730443,1,30456,509800,925,-9310.442956,0.021874994,90006,17.85009862,1790300,4747900,3046700,4242033001,1503 E VENICE BLVD,0,0
4246027004,Non-TOC Disc,,,1,12575 W VENICE BLVD,DIR-2016-54-DB,1286,1286,43592,52,5,47,0.096153846,58.91861761,11,84557,907500,1626,3319.970924,0.014718995,90066,65.59432933,4282700,9314300,6683500,4246027004,12575 W VENICE BLVD,1,0
4254024024,Non-TOC Disc,,,1,3355 S OVERLAND AVE,DIR-2017-2229-DB,861,801,30132,41,4,37,0.097560976,25.11917858,5,79009,807000,1649,318.5329167,0.013413219,90034,25.70041091,4181000,9148600,6145700,4254024024,3355 S OVERLAND AVE,1,0
4258009031,Non-TOC Disc,,,1,11671 W NATIONAL BLVD,EIO,447,447,36712.8,46,0,46,0,28.98627244,11,77792,1127100,1780,1967.947115,0.031242444,90064,27.94421488,4926800,9808300,7061500,4258009031,11671 W NATIONAL BLVD,1,0
4259020900,TOC DISC,1,,1,11998 W MISSOURI AVE,DIR-2018-545-TOC-WDI,640,640,85582,74,73,1,0.986486486,34.27419355,11,70852,816400,1838,-922.3150332,0.021022575,90025,44.53717754,4989000,8523600,6687500,4259020900,11998 W MISSOURI AVE,1,0
4260034024,Non-TOC Disc,,,1,11588 W PICO BLVD,DIR-2018-239-DB-CDO,886,886,12860,21,2,19,0.095238095,18.31806828,11,65931,674700,1604,23.5120985,0.011040697,90064,11.29991504,4926800,9808300,7061500,4260034024,11588 W PICO BLVD,1,0
4260037013,TOC DISC,1,,1,2465 S PURDUE AVE,DIR-2018-3411-TOC,813,813,19589,17,3,14,0.176470588,18.31806828,11,65931,674700,1604,-942.0868253,0.011040697,90064,11.29991504,4926800,9808300,7061500,4260037013,2465 S PURDUE AVE,1,0
4261019006,Non-TOC BR,,,1,1775 S BELOIT AVE,,654,654,17934,16,0,16,0,11.80811808,11,53954,634900,1439,-1930.15401,0.007182647,90025,4.104846686,4989000,8523600,6687500,4261019006,1775 S BELOIT AVE,1,0
4261020002,TOC DISC,1,,1,11272 W NEBRASKA AVE,DIR-2017-5551-TOC-WDI,419,419,19509,24,3,21,0.125,32.8775637,11,80826,711800,1705,-1589.134655,0.042630361,90025,8.168168168,4989000,8523600,6687500,4261020002,11272 W NEBRASKA AVE,1,0
4262006030,Non-TOC Disc,,,1,1500 S GRANVILLE AVE,CPC-2016-2363-DB-SPR,821,821,173791,154,16,138,0.103896104,16.19508563,11,66979,632800,1563,1334.030611,0.010924328,90025,3.089785533,4989000,8523600,6687500,4262006030,1500 S GRANVILLE AVE,1,0
4263011009,Non-TOC BR,,,1,1265 S BARRY AVE,,283,283,28857,18,0,18,0,11.75468484,11,80156,617500,1713,-266.2292962,0.004612476,90025,1.716992303,4989000,8523600,6687500,4263011009,1265 S BARRY AVE,1,0
4263020011,Non-TOC Disc,,,1,1450 S BARRINGTON AVE,ZA-2017-793-ZAA,567,567,27265,20,0,20,0,11.75468484,11,80156,617500,1713,720.8090909,0.004612476,90025,1.716992303,4989000,8523600,6687500,4263020011,1450 S BARRINGTON AVE,1,0
4263023020,Non-TOC Disc,,,1,1301 S WESTGATE AVE,DIR-2014-4773-DB,1178,697,38750,27,2,25,0.074074074,13.07692308,11,70571,698500,2008,1225.550947,0.003911441,90025,0.493218249,4989000,8523600,6687500,4263023020,1301 S WESTGATE AVE,1,0
4263031016,Non-TOC BR,,,1,1439 S ARMACOST AVE,,318,318,28844,18,0,18,0,14.76808905,11,67063,624400,1611,1889.216503,0.011949701,90025,0.923531585,4989000,8523600,6687500,4263031016,1439 S ARMACOST AVE,1,0
4263033056,Non-TOC Disc,,,1,11852 W SANTA MONICA BLVD,DIR-2014-2988-DB,1351,1351,36327,39,5,34,0.128205128,16.19508563,11,66979,632800,1563,1656.584682,0.010924328,90025,3.089785533,4989000,8523600,6687500,4263033056,11852 W SANTA MONICA BLVD,1,0
4263034029,Non-TOC BR,,,1,1532 S BROCKTON AVE,,495,495,41105,29,0,29,0,16.19508563,11,66979,632800,1563,1409.024121,0.010924328,90025,3.089785533,4989000,8523600,6687500,4263034029,1532 S BROCKTON AVE,1,0
4265008042,Non-TOC Disc,,,1,11727 W KIOWA AVE,DIR-2014-2974-DB,1957,1286,17709,13,1,12,0.076923077,20.1702685,11,87525,848300,1873,60.3741209,0.010223829,90049,1.35689492,4506400,8245900,6618200,4265008042,11727 W KIOWA AVE,1,0
4265015010,Non-TOC Disc,,,1,11837 W MAYFIELD AVE,DIR-2014-4608-DB,1223,1223,41961,26,0,26,0,20.1702685,11,87525,848300,1873,853.1762412,0.010223829,90049,1.35689492,4506400,8245900,6618200,4265015010,11837 W MAYFIELD AVE,1,0
4267034020,Non-TOC Disc,,,1,12431 W ROCHESTER AVE,DIR-2016-2432-DB,573,544,43444,50,5,45,0.1,14.76808905,11,67063,624400,1611,2420.224319,0.011949701,90025,0.923531585,4989000,8523600,6687500,4267034020,12431 W ROCHESTER AVE,1,0
4267036009,Non-TOC Disc,,,1,1223 S WELLESLEY AVE,ZA-2017-4306-ZAA,519,519,14531,10,0,10,0,14.76808905,11,67063,624400,1611,3362.235891,0.011949701,90025,0.923531585,4989000,8523600,6687500,4267036009,1223 S WELLESLEY AVE,1,0
4303019024,Non-TOC BR,,,1,1482 S SHERBOURNE DR,,530,530,13725,10,0,10,0,24.78146853,5,71208,846200,1527,-2166.038284,0.00738998,90035,22.86419753,4754200,10192000,7509400,4303019024,1482 S SHERBOURNE DR,0,0
4306002008,Non-TOC Disc,,,1,1415 S REEVES ST,ZA-2017-4743-ZAD-ZAA-ZV,756,756,47088,25,0,25,0,34.22603107,5,82344,960400,1899,-2396.508432,0.011574563,90035,31.31313131,4754200,10192000,7509400,4306002008,1415 S REEVES ST,0,0
4306003009,Non-TOC Disc,,,1,9421 W ALCOTT ST,DIR-2014-4782-DB,1812,1327,35238,23,2,21,0.086956522,34.22603107,5,82344,960400,1899,-2252.390038,0.011574563,90035,31.31313131,4754200,10192000,7509400,4306003009,9421 W ALCOTT ST,0,0
4313003029,Non-TOC Disc,,,1,3672 S JASMINE AVE,DIR-2014-4696-DB,1205,913,23119.82,15,2,13,0.133333333,7.495069034,5,70952,512700,1565,-2134.127296,0.002014012,90034,1.662404092,4181000,9148600,6145700,4313003029,3672 S JASMINE AVE,1,0
4313008025,Non-TOC Disc,,,1,3618 S DUNN DR,DIR-2017-825-DB,538,538,38325,29,3,26,0.103448276,7.495069034,5,70952,512700,1565,-2643.952805,0.002014012,90034,1.662404092,4181000,9148600,6145700,4313008025,3618 S DUNN DR,1,0
4313016027,TOC DISC,1,,1,3745 S CARDIFF AVE,DIR-2017-5455-TOC,832,679,89710,74,8,66,0.108108108,11.35902637,5,49888,392900,1530,-1424.445137,0.010733179,90034,1.929674099,4181000,9148600,6145700,4313016027,3745 S CARDIFF AVE,1,0
4314003037,TOC BR,1,"changed to TOC BR -- has a case number, but is only associated with haul route for project",1,3737 S MOTOR AVE,ENV-2017-5062-CE,450,450,21575,30,3,27,0.1,1.328413284,5,59807,0,1481,-2161.479153,0.00205966,90034,0,4181000,9148600,6145700,4314003037,3737 S MOTOR AVE,1,0
4314004009,TOC DISC,1,,1,3766 S MOTOR AVE,DIR-2018-6691-TOC,358,325,23761,36,4,32,0.111111111,1.328413284,5,59807,0,1481,-2381.647241,0.00205966,90034,0,4181000,9148600,6145700,4314004009,3766 S MOTOR AVE,1,0
4314007017,Non-TOC Disc,,,1,3638 S MOTOR AVE,DIR-2016-1262-DB,1358,1358,29379,62,4,58,0.064516129,7.495069034,5,70952,512700,1565,-1384.080679,0.002014012,90034,1.662404092,4181000,9148600,6145700,4314007017,3638 S MOTOR AVE,1,0
4314009030,Non-TOC Disc,,,1,3632 S KEYSTONE AVE,ENV-2018-283-CE,188,188,13460,10,0,10,0,4.679064187,5,58125,637200,1441,-1017.556829,0.003683053,90034,1.642228739,4181000,9148600,6145700,4314009030,3632 S KEYSTONE AVE,1,0
4314010042,TOC BR,1,,1,3630 S OVERLAND AVE,,375,375,50884,74,8,66,0.108108108,4.679064187,5,58125,637200,1441,-1017.618015,0.003683053,90034,1.642228739,4181000,9148600,6145700,4314010042,3630 S OVERLAND AVE,1,0
4314014002,Non-TOC Disc,,,1,10325 W TABOR ST,DIR-2016-4880-DB,898,699,29709,42,4,38,0.095238095,7.495069034,5,70952,512700,1565,-1344.294844,0.002014012,90034,1.662404092,4181000,9148600,6145700,4314014002,10325 W TABOR ST,1,0
4314018017,TOC DISC,1,,1,3408 S KEYSTONE AVE,DIR-2018-4752-TOC,351,276,38949,33,4,29,0.121212121,1.125175809,5,58853,0,1424,-94.64471852,0.005083337,90034,4.748603352,4181000,9148600,6145700,4314018017,3408 S KEYSTONE AVE,1,0
4314022036,Non-TOC Disc,,,1,3308 S MENTONE AVE,ENV-2017-4885-CE,293,293,15960,15,0,15,0,1.125175809,5,58853,0,1424,-266.3129377,0.005083337,90034,4.748603352,4181000,9148600,6145700,4314022036,3308 S MENTONE AVE,1,0
4315014028,Non-TOC Disc,,,1,2365 S FOX HILLS DR,DIR-2014-4758-DB,1744,1256,29217,18,2,16,0.111111111,58.5180494,5,113833,992000,1939,857.3598995,0.007337156,90064,34.67271549,4926800,9808300,7061500,4315014028,2365 S FOX HILLS DR,1,0
4321003035,TOC DISC,1,,1,10608 W SANTA MONICA BLVD,CPC-2017-699-DB,625,625,30283,28,3,25,0.107142857,45.50155119,5,86551,925000,1744,-70.79184067,0.011222461,90025,26.05510987,4989000,8523600,6687500,4321003035,10608 W SANTA MONICA BLVD,1,0
4321008018,Non-TOC Disc,,,1,1906 S OVERLAND AVE,ENV-2016-3776-CE,570,570,28345,16,0,16,0,45.50155119,5,86551,925000,1744,-1061.920136,0.011222461,90025,26.05510987,4989000,8523600,6687500,4321008018,1906 S OVERLAND AVE,1,0
4321008025,Non-TOC Disc,,,1,1946 S OVERLAND AVE,ENV-2017-4051-CE,762,762,23827.42,15,0,15,0,45.50155119,5,86551,925000,1744,-930.7012668,0.011222461,90025,26.05510987,4989000,8523600,6687500,4321008025,1946 S OVERLAND AVE,1,0
4323006027,Non-TOC Disc,,,1,1827 S MIDVALE AVE,DIR-2014-2683-DB,1429,1164,24647,12,2,10,0.166666667,40.51846591,5,80958,714700,2008,-3012.163652,0.012581206,90025,17.23903434,4989000,8523600,6687500,4323006027,1827 S MIDVALE AVE,1,0
4323013044,Non-TOC BR,,,1,1835 S GREENFIELD AVE,,544,544,27562,16,0,16,0,40.51846591,5,80958,714700,2008,-3366.155565,0.012581206,90025,17.23903434,4989000,8523600,6687500,4323013044,1835 S GREENFIELD AVE,1,0
4324007017,Non-TOC Disc,,,1,1361 S KELTON AVE,DIR-2017-2639-DRB-SPP-SPPA,623,623,17018,15,0,15,0,9.302325581,5,42356,459500,1930,-2765.780719,0.019046756,90024,8.5,6558200,11891900,9648300,4324007017,1361 S KELTON AVE,1,0
4325023018,Non-TOC Disc,,,1,1751 S MALCOLM AVE,DIR-2017-342-DRB-SPP,849,849,26423,18,0,18,0,35.96646072,5,92168,745700,2281,-2006.81203,0.01340499,90024,6.943231441,6558200,11891900,9648300,4325023018,1751 S MALCOLM AVE,1,0
4325025000,Non-TOC Disc,,,1,1644 S MALCOLM AVE,DIR-2014-3670-DRB-SPP-SPPA,1350,1341,37726,14,0,14,0,35.96646072,5,92168,745700,2281,-3592.434982,0.01340499,90024,6.943231441,6558200,11891900,9648300,4325025000,1644 S MALCOLM AVE,1,0
4332017014,Non-TOC Disc,,,1,1021 S SHENANDOAH ST,DIR-2014-4728-DB,1370,1370,36173,21,2,19,0.095238095,11.57842652,5,53704,642000,1606,-1450.897263,0.005957691,90035,0.830105147,4754200,10192000,7509400,4332017014,1021 S SHENANDOAH ST,0,0
4332018035,Non-TOC Disc,,,1,1123 S SHENANDOAH ST,TT-73626-CN,826,786,24547,15,0,15,0,11.57842652,5,53704,642000,1606,-4009.798224,0.005957691,90035,0.830105147,4754200,10192000,7509400,4332018035,1123 S SHENANDOAH ST,0,0
4332019021,Non-TOC BR,,,1,1101 S BEDFORD DR,,405,405,11138,10,0,10,0,56.87056738,5,123814,1711700,2517,-1107.902614,0.015583594,90035,53.57318876,4754200,10192000,7509400,4332019021,1101 S BEDFORD DR,1,0
4332022040,Non-TOC Disc,,,1,1226 S BEDFORD ST,DIR-2014-4864-DB,1163,1002,26072,20,2,18,0.1,11.57842652,5,53704,642000,1606,-3641.431362,0.005957691,90035,0.830105147,4754200,10192000,7509400,4332022040,1226 S BEDFORD ST,0,0
4332025027,Non-TOC Disc,,,1,1051 S CORNING ST,DIR-2014-4771-DB,1151,1151,28796,19,2,17,0.105263158,11.57842652,5,53704,642000,1606,-4387.59518,0.005957691,90035,0.830105147,4754200,10192000,7509400,4332025027,1051 S CORNING ST,0,0
4334015010,Non-TOC Disc,,,1,411 S HAMEL ROAD,VTT-82420-CN,300,300,78003,38,0,38,0,18.03968731,5,75250,868800,2058,-2812.490279,0.004488417,90048,4.106910039,6388000,12691600,9842100,4334015010,411 S HAMEL ROAD,0,0
4334015037,TOC DISC,1,,1,428 S ROBERTSON BLVD,DIR-2017-4736-TOC,239,239,29821,30,3,27,0.1,18.03968731,5,75250,868800,2058,-2165.277165,0.004488417,90048,4.106910039,6388000,12691600,9842100,4334015037,428 S ROBERTSON BLVD,0,0
4334016030,Non-TOC Disc,,,1,8555 W COLGATE AVE,DIR-2014-4923-DB,1128,1128,13865,10,1,9,0.1,18.03968731,5,75250,868800,2058,-3789.656736,0.004488417,90048,4.106910039,6388000,12691600,9842100,4334016030,8555 W COLGATE AVE,0,0
4363005019,Non-TOC Disc,,,1,10923 W STRATHMORE DR,DIR-2016-3573-DRB-SPP,843,843,50154,21,0,21,0,4.207492795,5,26071,0,1648,-1318.52907,0.023065987,90024,2.53968254,6558200,11891900,9648300,4363005019,10923 W STRATHMORE DR,1,0
4368015003,Non-TOC Disc,,,1,862 N MORAGA DR,DIR-2014-4936-CLQ,1665,1665,16539,13,0,13,0,73.6399327,5,193877,2000001,2029,5715.863859,0.016148574,90049,80.06795017,4506400,8245900,6618200,4368015003,862 N MORAGA DR,0,0
4401024026,Non-TOC Disc,,,1,11620 W CHENAULT ST,DIR-2016-4160-DB,960,960,33146,22,3,19,0.136363636,24.39184747,11,86944,820400,1895,787.7810153,0.004253319,90049,3.346994536,4506400,8245900,6618200,4401024026,11620 W CHENAULT ST,1,0
4401029011,Non-TOC Disc,,,1,11600 W DUNSTAN WAY,ENV-2016-457-MND,1886,1886,96412,54,0,54,0,30.21356784,11,95242,629700,2142,1532.199672,0.00521231,90049,6.003638569,4506400,8245900,6618200,4401029011,11600 W DUNSTAN WAY,1,0
5006008026,Non-TOC Disc,,,1,5414 S CRENSHAW BLVD,DIR-2017-298-DB-SPR-SPP,413,393,52001,70,12,58,0.171428571,59.57943925,8,36625,389800,993,-1844.130691,0.013305183,90043,76.67057444,1437100,4140200,2489700,5006008026,5414 S CRENSHAW BLVD,1,1
5016014002,TOC DISC,1,,1,4604 S WESTERN AVE,DIR-2018-5204-TOC ,547,547,35045,49,49,0,1,49.05561385,8,35266,309200,1069,-2400.285984,0.010484539,90062,69.7889861,1102100,3971700,2187000,5016014002,4604 S WESTERN AVE,1,1
5019026009,Non-TOC Disc,,,1,4050 S FIGUEROA ST,DIR-2017-2097-DB,511,411,39302,57,14,43,0.245614035,13.66815003,9,29773,268400,1037,-4367.407303,0.018028503,90037,21.45669291,794200,3313000,1846000,5019026009,4050 S FIGUEROA ST,1,1
5020017007,TOC BR,1,changed to TOC BR,1,"1130 W MARTIN LUTHER KING, JR BLVD",,202,202,13900,29,28,1,0.965517241,27.56378189,9,35731,311100,1006,-6724.318413,0.009882418,90037,43.72586873,794200,3313000,1846000,5020017007,"1130 W MARTIN LUTHER KING, JR BLVD",1,0
5020025014,Non-TOC BR,,,1,4318 S KANSAS AVE,,777,777,23322,22,0,22,0,27.56378189,9,35731,311100,1006,-6948.563348,0.009882418,90037,43.72586873,794200,3313000,1846000,5020025014,4318 S KANSAS AVE,1,0
5021028002,TOC BR,1,changed to TOC BR,1,4209 S WESTERN AVE,,173,173,14109.82,25,24,1,0.96,47.10860367,8,46413,301900,1138,-2297.283587,0.014574979,90062,66.32016632,1102100,3971700,2187000,5021028002,4209 S WESTERN AVE,1,0
5024017008,TOC DISC,1,,1,4252 S CRENSHAW BLVD,DIR-2018-1393-TOC-DRB-SPP-SPR,359,359,45298,111,28,83,0.252252252,19.59863365,10,34718,453800,1117,-2332.005182,0.013272368,90008,14.49912127,1333600,3898800,2466000,5024017008,4252 S CRENSHAW BLVD,1,1
5032004901,Non-TOC Disc,,,1,4018 S BUCKINGHAM ROAD,DIR-2018-2750-DRB-SPP-SPR,221,221,75955,103,103,0,1,12.68079381,10,21899,329600,982,-1174.799774,0.016238871,90008,11.08506363,1333600,3898800,2466000,5032004901,4018 S BUCKINGHAM ROAD,1,1
5037007022,TOC BR,1,,1,1249 W 39TH PL,,450,450,39597,42,5,37,0.119047619,19.21358356,8,25958,290400,971,-5404.09209,0.023868333,90037,26.64359862,794200,3313000,1846000,5037007022,1249 W 39TH PL,1,0
5040018006,Non-TOC BR,,,1,1196 W 35TH ST,,544,544,24841,15,0,15,0,15.78624079,8,26188,438200,1115,-6694.394922,0.013618583,90007,31.23515439,,,,5040018006,1196 W 35TH ST,1,0
5043002016,Non-TOC BR,,,1,5335 W ADAMS BLVD,,326,326,44992,42,0,42,0,26.67578659,10,28846,369400,1044,-73.01523885,0.012170807,90016,29.93006993,1483600,4654500,2810000,5043002016,5335 W ADAMS BLVD,0,1
5044011026,Non-TOC BR,,,1,2927 W EXPOSITION PL,,430,430,21734,12,0,12,0,64.02493321,10,52794,488500,1198,-463.0784511,0.02903703,90018,82.4335904,1326800,4549700,2727800,5044011026,2927 W EXPOSITION PL,1,0
5046015026,TOC BR,1,,1,3524 S CHESAPEAKE AVE,,503,503,22935,27,3,24,0.111111111,75.41208791,10,57236,441600,1081,-2305.935636,0.041169194,90016,75.86649551,1483600,4654500,2810000,5046015026,3524 S CHESAPEAKE AVE,1,0
5046015030,Non-TOC BR,,,1,3500 S CHESAPEAKE AVE,,531,531,20449,19,3,16,0.157894737,75.41208791,10,57236,441600,1081,-2478.857561,0.041169194,90016,75.86649551,1483600,4654500,2810000,5046015030,3500 S CHESAPEAKE AVE,1,0
5049014009,TOC BR,1,,1,2602 S ORANGE DR,,301,301,20437,25,3,22,0.12,27.06692913,10,29375,349300,1012,-1872.022892,0.011251499,90016,29.02240326,1483600,4654500,2810000,5049014009,2602 S ORANGE DR,0,1
5054028018,Non-TOC Disc,,,1,2600 S CATALINA ST,DIR-2016-712-CCMP,1390,1390,17029,15,0,15,0,10.17699115,8,14063,457100,1050,-6872.098589,0.031848176,90007,17.82608696,,,,5054028018,2600 S CATALINA ST,1,0
5068018013,Non-TOC Disc,,,1,1556 S HI POINT ST,DIR-2016-1368-DB,778,483,57854,45,4,41,0.088888889,38.47643641,10,69593,711700,1618,-1389.623898,0.017101678,90035,32.37100737,4754200,10192000,7509400,5068018013,1556 S HI POINT ST,0,0
5069019026,TOC BR,1,,1,5550 W PICO BLVD,,412,412,31218.32,40,4,36,0.1,43.9202928,10,52262,729400,1412,-403.0529276,0.012547445,90019,41.07648725,2809800,6628300,4492900,5069019026,5550 W PICO BLVD,0,1
5070017001,TOC BR,1,"changed to TOC BR -- started date for permit pre-dates the TOC program, so the approvaltime should be shorter than 940 days",1,5050 W PICO BLVD,,940,940,55715,79,8,71,0.101265823,20.05191434,10,52426,795600,1308,-1699.509975,0.016211371,90019,13.68159204,2809800,6628300,4492900,5070017001,5050 W PICO BLVD,0,1
5072017012,TOC DISC,1,,1,3617 W VENICE BLVD,DIR-2019-3912-TOC,364,364,24469,28,3,25,0.107142857,25.97402597,10,41587,610400,1134,-1198.771851,0.020201974,90019,20.01828154,2809800,6628300,4492900,5072017012,3617 W VENICE BLVD,0,1
5073009012,TOC BR,1,,1,1540 S ST ANDREWS PL,,505,505,40052,38,4,34,0.105263158,12.5819135,10,28125,500000,920,-1802.045419,0.005153604,90019,11.53846154,2809800,6628300,4492900,5073009012,1540 S ST ANDREWS PL,0,0
5073018902,Non-TOC Disc,,,1,1856 S WILTON PL,DIR-2017-5395-SPR-TOC,510,510,70918,64,62,2,0.96875,11.0058309,10,35148,427900,1090,-985.4256814,0.014132718,90019,12.82245827,2809800,6628300,4492900,5073018902,1856 S WILTON PL,0,1
5075029012,TOC BR,1,,1,1950 S NORMANDIE AVE,,625,625,10107,13,3,10,0.230769231,9.436008677,1,25625,360000,1028,-4994.048638,0.009197186,90007,19.63906582,,,,5075029012,1950 S NORMANDIE AVE,0,0
5076006007,TOC DISC,1,,1,971 S HOOVER ST,DIR-2018-1122-TOC-WDI,1160,1092,25061,39,4,35,0.102564103,3.560830861,1,28375,365400,887,-9461.48566,0.025617246,90006,2.3,1790300,4747900,3046700,5076006007,971 S HOOVER ST,0,1
5076006025,Non-TOC Disc,,,1,2600 W SAN MARINO ST,CPC-2014-3004-DB,1295,1203,21333,31,4,27,0.129032258,1.879036994,1,31419,448500,1061,-8758.99426,0.01136239,90006,1.002358491,1790300,4747900,3046700,5076006025,2600 W SAN MARINO ST,0,1
5076018023,Non-TOC Disc,,,1,1255 S ELDEN AVE,DIR-2015-805-DB-SPR,1393,1229,100845,93,92,1,0.989247312,5.788423154,1,33398,683800,999,-9023.61427,0.01360096,90006,2.532427424,1790300,4747900,3046700,5076018023,1255 S ELDEN AVE,0,0
5077015012,Non-TOC Disc,,,1,2847 W LEEWARD AVE,VTT-82230-CN,547,475,55562,46,0,46,0,3.027823241,1,25104,358300,792,-7493.822117,0.019288743,90005,0.683371298,2447400,6124200,4652500,5077015012,2847 W LEEWARD AVE,0,0
5077016027,TOC DISC,1,,1,2968 W 7TH ST,DIR-2018-5945-TOC-SPR,341,341,200279,228,23,205,0.100877193,56.29965948,10,49583,363500,1282,-620.8019844,0.032158565,90018,59.30359086,1326800,4549700,2727800,5077016027,2968 W 7TH ST,1,0
5077029020,TOC DISC,1,,1,2880 W JAMES M. WOOD BLVD,DIR-2018-309-TOC-SPR,533,503,168405,193,20,173,0.103626943,2.113821138,1,34375,0,834,-9036.095749,0.016319731,90006,4.282115869,1790300,4747900,3046700,5077029020,2880 W JAMES M. WOOD BLVD,0,1
5078003003,Non-TOC Disc,,,1,955 S FEDORA ST,DIR-2015-1168-DB,1445,1445,46940,60,6,54,0.1,8.419243986,10,36753,467700,1163,-6192.884665,0.022978426,90006,7.277882798,1790300,4747900,3046700,5078003003,955 S FEDORA ST,0,1
5078004019,TOC DISC,1,,1,970 S FEDORA ST,DIR-2019-1113-TOC,360,214,36971,45,5,40,0.111111111,8.419243986,10,36753,467700,1163,-6149.135942,0.022978426,90006,7.277882798,1790300,4747900,3046700,5078004019,970 S FEDORA ST,0,1
5078005018,TOC DISC,1,,1,966 S KENMORE AVE,DIR-2017-3720-TOC,555,470,38710,50,4,46,0.08,8.419243986,10,36753,467700,1163,-6467.265869,0.022978426,90006,7.277882798,1790300,4747900,3046700,5078005018,966 S KENMORE AVE,0,1
5078007024,Non-TOC Disc,,,1,954 S CATALINA ST,DIR-2015-4172-DB,1545,1343,11233,19,3,16,0.157894737,8.547888774,10,28523,638900,873,-7108.685871,0.023241355,90006,15.09433962,1790300,4747900,3046700,5078007024,954 S CATALINA ST,0,1
5080012006,Non-TOC Disc,,,1,3057 W PICO BLVD,CPC-2016-1603-ZC-HD,950,950,62365,51,0,51,0,16.26686657,10,33800,555100,1022,-2946.960817,0.019610459,90006,23.93162393,1790300,4747900,3046700,5080012006,3057 W PICO BLVD,0,0
5080016008,Non-TOC Disc,,,1,944 S SERRANO AVE,ZA-2017-1390-ZAA,757,757,62872,32,0,32,0,6.126482213,10,29052,384100,1053,-3882.406523,0.020678471,90006,5.706702057,1790300,4747900,3046700,5080016008,944 S SERRANO AVE,0,1
5080021013,TOC DISC,1,,1,3050 W 11TH ST,DIR-2017-5540-TOC,1281,1281,57249,39,5,34,0.128205128,22.70306258,10,29980,395600,1045,-795.8599238,0.020299981,90018,24.39189189,1326800,4549700,2727800,5080021013,3050 W 11TH ST,1,0
5083031002,TOC DISC,1,,1,1251 S WEST BLVD,DIR-2018-2029-TOC,625,599,19421,20,3,17,0.15,37.33153639,10,45995,733400,1130,-1705.038327,0.016687637,90019,49.61511547,2809800,6628300,4492900,5083031002,1251 S WEST BLVD,0,0
5084003006,TOC BR,1,,1,838 S LA BREA AVE,,472,472,39280,53,6,47,0.113207547,21.86098655,4,81452,961800,1771,-2463.850174,0.011800296,90036,14.87015297,5382600,11178400,8733600,5084003006,838 S LA BREA AVE,0,0
5084021017,TOC BR,1,changed to TOC BR -- case number was for previous DB project,1,1180 S LA BREA AVE,,703,703,60009,67,9,58,0.134328358,58.4045584,10,96552,929600,1583,-2060.277304,0.0264295,90019,41.35107472,2809800,6628300,4492900,5084021017,1180 S LA BREA AVE,0,0
5085015032,Non-TOC Disc,,,1,1233 S DUNSMUIR AVE,DIR-2020-3399-TOC-HCA,546,546,14878,14,0,14,0,35.79991732,10,62414,747200,1281,-128.7252322,0.010398681,90019,22.89354706,2809800,6628300,4492900,5085015032,1233 S DUNSMUIR AVE,0,0
5086004008,Non-TOC Disc,,,1,1323 S ORANGE GROVE AVE,DIR-2016-295-DB,868,720,105785,61,5,56,0.081967213,43.9202928,10,52262,729400,1412,-2307.644739,0.012547445,90019,41.07648725,2809800,6628300,4492900,5086004008,1323 S ORANGE GROVE AVE,0,0
5086004010,TOC DISC,1,,1,1319 S ORANGE GROVE AVE,DIR-2018-4682-TOC ,457,457,40575,33,4,29,0.121212121,43.9202928,10,52262,729400,1412,-2308.511971,0.012547445,90019,41.07648725,2809800,6628300,4492900,5086004010,1319 S ORANGE GROVE AVE,0,0
5086015030,TOC BR,1,,1,5801 W PICO BLVD,,819,819,54675,80,8,72,0.1,43.9202928,10,52262,729400,1412,-2143.8047,0.012547445,90019,41.07648725,2809800,6628300,4492900,5086015030,5801 W PICO BLVD,0,1
5086026017,Non-TOC Disc,,,1,1127 S SPAULDING AVE,DIR-2016-1710-DB,695,695,14511,13,1,12,0.076923077,43.9202928,10,52262,729400,1412,-2054.336034,0.012547445,90019,41.07648725,2809800,6628300,4492900,5086026017,1127 S SPAULDING AVE,0,0
5087016030,Non-TOC Disc,,,1,1265 S STEARNS DR,DIR-2016-1399-DB,1064,1003,44900,48,5,43,0.104166667,38.46720707,5,82063,1076900,1878,-2656.978576,0.015477009,90035,28.25923135,4754200,10192000,7509400,5087016030,1265 S STEARNS DR,0,0
5092023003,TOC BR,1,,1,925 S ST ANDREWS PL,,438,438,20981,23,23,0,1,6.720867209,4,33867,726400,1089,-2872.840339,0.015188801,90019,6.696181516,2809800,6628300,4492900,5092023003,925 S ST ANDREWS PL,0,0
5092028004,TOC BR,1,,1,723 S ST ANDREWS PL,,691,691,38090,65,7,58,0.107692308,17.6565008,4,36056,751400,1118,-4054.687039,0.015641032,90005,8.776741635,2447400,6124200,4652500,5092028004,723 S ST ANDREWS PL,0,0
5093016024,TOC DISC,1,,1,919 S HARVARD BLVD,DIR-2018-4999-TOC,630,583,18595,24,3,21,0.125,8.21458508,10,35208,674200,1063,-4619.48554,0.024480463,90006,3.147699758,1790300,4747900,3046700,5093016024,919 S HARVARD BLVD,0,1
5093022011,Non-TOC Disc,,,1,800 S HARVARD BLVD,DIR-2014-4870-DB-SPR,1259,1259,138169,131,11,120,0.083969466,8.21458508,10,35208,674200,1063,-5080.19153,0.024480463,90005,3.147699758,2447400,6124200,4652500,5093022011,800 S HARVARD BLVD,0,1
5093025005,Non-TOC Disc,,,1,750 S KINGSLEY DR,DIR-2016-3657-DB,959,835,53909,68,6,62,0.088235294,1.998857796,10,37712,0,1247,-5590.345527,0.013559755,90005,0.954653938,2447400,6124200,4652500,5093025005,750 S KINGSLEY DR,0,1
5094006004,Non-TOC Disc,,,1,744 S MARIPOSA AVE,ZA-2017-2285-ZAA-ZV,929,802,24655,31,0,31,0,0.502512563,10,26005,0,857,-6666.257503,0.030661422,90005,0,2447400,6124200,4652500,5094006004,744 S MARIPOSA AVE,0,1
5094007002,Non-TOC Disc,,,1,689 S CATALINA ST,ZA-2017-4204-ZAA-SPR,805,736,56324,61,0,61,0,0.425230333,10,29038,0,823,-7485.385817,0.017682693,90005,0.457815566,2447400,6124200,4652500,5094007002,689 S CATALINA ST,0,1
5094009011,Non-TOC BR,,,1,707 S BERENDO ST,,492,492,19470,21,0,21,0,0.425230333,10,29038,0,823,-8308.275621,0.017682693,90005,0.457815566,2447400,6124200,4652500,5094009011,707 S BERENDO ST,0,1
5094017005,TOC DISC,1,"This must be a discretionary project based on number of units, but the case number corresponds to a previous 98-unit development --there is no newer case number for the 101 unit project",1,832 S MARIPOSA AVE,VTT-78212-CN,778,778,95990,101,13,88,0.128712871,2.793834297,10,32941,531300,900,-6386.42539,0.018130982,90005,1.240458015,2447400,6124200,4652500,5094017005,832 S MARIPOSA AVE,0,1
5094017017,TOC DISC,1,Same as 832 S Mariposa -- same developer. They appear to have planned condominiums but changed to use the TOC program: https://urbanize.city/la/post/cgi-plans-another-multifamily-project-koreatown,1,839 S FEDORA ST,VTT-78211-CN,795,795,79057,81,9,72,0.111111111,2.793834297,10,32941,531300,900,-6696.020217,0.018130982,90005,1.240458015,2447400,6124200,4652500,5094017017,839 S FEDORA ST,0,1
5094023039,Non-TOC Disc,,,1,900 S KENMORE AVE,ZA-2016-4197-ZAA,874,874,40944,29,0,29,0,6.037414966,10,32144,443300,1144,-6803.040792,0.019415412,90006,1.897689769,1790300,4747900,3046700,5094023039,900 S KENMORE AVE,0,1
5094024006,Non-TOC BR,,,1,917 S BERENDO ST,,394,394,12192,10,0,10,0,6.037414966,10,32144,443300,1144,-7420.811342,0.019415412,90006,1.897689769,1790300,4747900,3046700,5094024006,917 S BERENDO ST,0,1
5094024015,TOC DISC,1,,1,924 S CATALINA ST,DIR-2018-3005-TOC,421,421,22388,30,6,24,0.2,6.037414966,10,32144,443300,1144,-7032.495924,0.019415412,90006,1.897689769,1790300,4747900,3046700,5094024015,924 S CATALINA ST,0,1
5094025017,Non-TOC BR,,,1,928 S BERENDO ST,,728,728,25647,27,0,27,0,6.037414966,10,32144,443300,1144,-7387.865806,0.019415412,90006,1.897689769,1790300,4747900,3046700,5094025017,928 S BERENDO ST,0,1
5094026002,TOC BR,1,,1,905 S VERMONT AVE,,397,397,53760,67,7,60,0.104477612,2.113821138,10,34375,0,834,-9159.784608,0.016319731,90006,4.282115869,1790300,4747900,3046700,5094026002,905 S VERMONT AVE,0,1
5108009027,TOC BR,1,,1,4800 S AVALON BLVD,,261,261,31055,33,3,30,0.090909091,29.61373391,9,25598,319600,816,-5008.551647,0.015989825,90011,38.00675676,726900,2983500,1724400,5108009027,4800 S AVALON BLVD,1,1
5114014006,Non-TOC Disc,,,1,1044 E JEFFERSON BLVD,DIR-2016-848-DB-SPR,1013,1013,87253,75,73,2,0.973333333,26.43678161,9,34795,270800,1014,-1580.152301,0.017921735,90011,49.5210728,726900,2983500,1724400,5114014006,1044 E JEFFERSON BLVD,1,1
5123020010,Non-TOC Disc,,,1,505 W 31ST ST,CPC-2017-111-DB-CU-SPR,854,670,80963,73,8,65,0.109589041,1.369863014,9,10042,0,1526,-2907.142208,0.020861624,90007,3.688092729,,,,5123020010,505 W 31ST ST,1,1
5124034005,TOC DISC,1,,1,1928 S ESTRELLA AVE,DIR-2019-2966-SPR,301,267,51909,93,93,0,1,8.266666667,1,22563,654400,785,-6123.818867,0.029983998,90007,6.507304117,,,,5124034005,1928 S ESTRELLA AVE,1,0
5134025015,Non-TOC Disc,,,1,215 W 14TH ST,ZA-2016-15-SPR-ZV-TDR,1372,1343,148558,154,0,154,0,0.780031201,14,19976,0,704,-7055.668625,0.028833931,90015,2.217873451,,,,5134025015,215 W 14TH ST,0,1
5141019007,TOC BR,1,,1,740 S ALVARADO ST,,315,315,41098,80,9,71,0.1125,1.469387755,1,25530,0,808,-8376.050573,0.018062369,90057,2.276422764,,,,5141019007,740 S ALVARADO ST,0,1
5142001013,TOC BR,1,,1,602 S WESTLAKE AVE,,541,541,49878,63,7,56,0.111111111,0,1,31175,0,929,-7639.343981,0.025679968,90057,1.313868613,,,,5142001013,602 S WESTLAKE AVE,0,1
5142023013,TOC BR,1,,1,1532 W CAMBRIA ST,,127,127,31929,57,56,1,0.98245614,2.360965373,1,25191,442300,937,-9886.094085,0.015216232,90017,0.652610442,,,,5142023013,1532 W CAMBRIA ST,0,1
5147029048,Non-TOC Disc,,,1,660 S STANFORD AVE,CPC-2017-849-GPAJ-VZCJ-HD-SPR,1019,1019,48377,82,81,1,0.987804878,0.655737705,14,10419,0,299,-3345.445332,0.024261505,90021,0.863131936,,,,5147029048,660 S STANFORD AVE,0,1
5148024026,Non-TOC Disc,,,1,401 E 7TH ST,DIR-2017-5445-SPR,344,344,53199,99,98,1,0.98989899,12.32774674,14,69271,631400,2023,-6697.479921,0.053786311,90014,0.214789813,,,,5148024026,401 E 7TH ST,0,1
5148025024,Non-TOC Disc,,,1,519 E 7TH ST,DIR-2017-2333-SPR,476,476,43690,81,80,1,0.987654321,12.32774674,14,69271,631400,2023,-7135.327194,0.053786311,90014,0.214789813,,,,5148025024,519 E 7TH ST,0,1
5153010011,Non-TOC Disc,,,1,264 S UNION AVE,ENV-2018-4377-CE,545,545,11254,12,0,12,0,5.065666041,13,40347,776800,1061,-7100.184851,0.003218445,90026,8.09352518,2862800,6429700,4288600,5153010011,264 S UNION AVE,0,1
5153024027,Non-TOC Disc,,,1,459 S HARTFORD AVE,DIR-2016-3396-SPP,820,747,58462,101,100,1,0.99009901,1.338432122,1,24825,0,818,-7239.145829,0.0072121,90017,2.898550725,,,,5153024027,459 S HARTFORD AVE,1,0
5154006010,TOC BR,1,,1,166 S ALVARADO ST,,430,430,48735,84,83,1,0.988095238,3.608605135,13,25577,408300,854,-5585.169847,0.009107105,90057,3.894389439,,,,5154006010,166 S ALVARADO ST,0,0
5155025900,Non-TOC Disc,,,1,252 S RAMPART BLVD,DIR-2016-236-DB,758,706,14706,23,23,0,1,7.420706164,13,36765,475000,1116,-4339.403097,0.015394013,90057,7.378984652,,,,5155025900,252 S RAMPART BLVD,0,0
5156003004,TOC DISC,1,,1,252 N HOOVER ST,DIR-2018-3274-TOC,545,135,23964,39,4,35,0.102564103,12.17687075,13,39216,322100,1134,-1708.036932,0.013204273,90004,11.02040816,3657400,7465700,5780300,5156003004,252 N HOOVER ST,0,0
5156016002,TOC DISC,1,,1,2812 W TEMPLE ST,ENV-2018-6563-CE,322,322,28832,42,4,38,0.095238095,12.17687075,13,39216,322100,1134,-1821.668803,0.013204273,90026,11.02040816,2862800,6429700,4288600,5156016002,2812 W TEMPLE ST,0,0
5156016017,Non-TOC BR,,,1,2829 W HYANS ST,,1080,1080,14327.02,11,0,11,0,12.17687075,13,39216,322100,1134,-2058.252887,0.013204273,90026,11.02040816,2862800,6429700,4288600,5156016017,2829 W HYANS ST,0,0
5157020021,TOC DISC,1,,1,226 N LAKE ST,DIR-2017-4561-TOC,407,407,25514,36,5,31,0.138888889,10.09975062,13,57500,373100,1141,-4478.288251,0.004356463,90026,14.98771499,2862800,6429700,4288600,5157020021,226 N LAKE ST,0,0
5160009001,Non-TOC Disc,,,1,340 N PATTON ST,DIR-2015-3354-SPP-SPPA,993,991,39347,44,0,44,0,3.625254582,1,38152,289900,1165,-3629.810855,0.0200581,90026,5.536723164,2862800,6429700,4288600,5160009001,340 N PATTON ST,1,0
5160009004,Non-TOC Disc,,,1,330 N PATTON ST,DIR-2015-1803-SPP-DB,1767,1650,27756,32,3,29,0.09375,3.625254582,1,38152,289900,1165,-3662.817556,0.0200581,90026,5.536723164,2862800,6429700,4288600,5160009004,330 N PATTON ST,1,0
5160011007,TOC DISC,1,,1,1363 W COLTON ST,DIR-2018-2653-TOC-SPP ,290,290,35760,47,4,43,0.085106383,3.625254582,1,38152,289900,1165,-4165.931748,0.0200581,90026,5.536723164,2862800,6429700,4288600,5160011007,1363 W COLTON ST,1,0
5160013039,Non-TOC Disc,,,1,1349 W 1ST ST,APCC-2015-1040-SPE-SPP,1256,1063,89779,102,0,102,0,3.625254582,1,38152,289900,1165,-4900.712114,0.0200581,90026,5.536723164,2862800,6429700,4288600,5160013039,1349 W 1ST ST,1,0
5160019014,Non-TOC Disc,,,1,1250 W COURT ST,DIR-2017-1127-SPP-WDI,599,513,44171,54,0,54,0,3.625254582,1,38152,289900,1165,-3767.265491,0.0200581,90026,5.536723164,2862800,6429700,4288600,5160019014,1250 W COURT ST,1,0
5160025001,Non-TOC Disc,,,1,1100 W TEMPLE ST,DIR-2017-2574-DB-WDI-SPPA-SPP,798,767,46437,54,5,49,0.092592593,3.625254582,1,38152,289900,1165,-2786.69628,0.0200581,90012,5.536723164,,,,5160025001,1100 W TEMPLE ST,1,0
5161016029,Non-TOC Disc,,,1,118 S ASTRONAUT ELLISON S ONIZUKA ST,VTT-82168-CN,1009,1009,78199,77,0,77,0,14.43533698,14,19968,384000,492,-4034.562973,0.041038724,90012,1.287910262,,,,5161016029,118 S ASTRONAUT ELLISON S ONIZUKA ST,0,1
5174024011,TOC DISC,1,,1,1612 E PLEASANT AVE,DIR-2018-2589-TOC,539,506,14888,15,3,12,0.2,18.31501832,14,31336,353100,834,-2768.940412,0.062239347,90033,17.08144796,1048600,3540200,2193300,5174024011,1612 E PLEASANT AVE,0,0
5177021003,TOC BR,1,,1,2450 E HOUSTON ST,,724,724,5475,10,2,8,0.2,21.40309156,14,36037,299300,1043,-2605.547687,0.023923749,90033,43.42928661,1048600,3540200,2193300,5177021003,2450 E HOUSTON ST,0,0
5180002013,Non-TOC Disc,,,1,2423 E 1ST ST,DIR-2019-6484-TOC,445,445,27463,29,0,29,0,11.2078346,14,28203,296400,930,-2559.34084,0.022362301,90033,37.21413721,1048600,3540200,2193300,5180002013,2423 E 1ST ST,0,1
5180008011,TOC BR,1,,1,325 N FICKETT ST,,322,322,13964,22,21,1,0.954545455,11.2078346,14,28203,296400,930,-1357.871204,0.022362301,90033,37.21413721,1048600,3540200,2193300,5180008011,325 N FICKETT ST,0,0
5202001011,Non-TOC Disc,,,1,2201 E TROJAN WAY,CPC-2018-898-ZAD-SPR,354,354,102757,95,0,95,0,13.31877729,14,31118,370600,1043,-3309.738412,0.194883754,90033,28.64197531,1048600,3540200,2193300,5202001011,2201 E TROJAN WAY,0,1
5214001002,Non-TOC Disc,,,1,4208 E HUNTINGTON DR,CPC-2017-507-CU-DB-ZV,821,566,74940,85,83,2,0.976470588,51.78082192,14,52708,356900,1171,-781.9081441,0.02234548,90032,78.83310719,1362200,3696200,2470800,5214001002,4208 E HUNTINGTON DR,0,0
5312008017,Non-TOC BR,,,1,5933 N MONTEREY ROAD,,251,251,22273,13,0,13,0,52.85171103,14,52077,415300,1340,116.6677017,0.003887728,90042,48.86148008,2173400,5109500,3580800,5312008017,5933 N MONTEREY ROAD,0,0
5401013010,TOC DISC,1,,1,505 N SILVER LAKE BLVD,DIR-2017-804-TOC,1207,910,55762,55,5,50,0.090909091,22.03208556,13,42991,617200,1101,-370.4933464,0.024380277,90026,26.65245203,2862800,6429700,4288600,5401013010,505 N SILVER LAKE BLVD,0,0
5402008025,Non-TOC BR,,,1,2828 W LONDON ST,,594,594,15568,16,0,16,0,22.03208556,13,42991,617200,1101,-1394.67641,0.024380277,90026,26.65245203,2862800,6429700,4288600,5402008025,2828 W LONDON ST,0,0
5404004013,TOC DISC,1,,1,916 N ALVARADO ST,DIR-2018-7374-TOC,410,410,11559,27,3,24,0.111111111,20.33519553,13,41875,510400,1017,-3904.553842,0.019221971,90026,26.57342657,2862800,6429700,4288600,5404004013,916 N ALVARADO ST,0,0
5404008010,Non-TOC Disc,,,1,706 N ALVARADO ST,DIR-2015-3518-DB,1124,1000,22721,34,4,30,0.117647059,20.33519553,13,41875,510400,1017,-4556.838924,0.019221971,90026,26.57342657,2862800,6429700,4288600,5404008010,706 N ALVARADO ST,0,0
5404018010,Non-TOC Disc,,,1,1111 N ECHO PARK AVE,DIR-2017-1824-CDO,728,728,12454,11,0,11,0,21.11604312,1,61532,834400,1386,-2677.083809,0.018002264,90026,30.56796426,2862800,6429700,4288600,5404018010,1111 N ECHO PARK AVE,0,0
5406014035,Non-TOC Disc,,,1,1301 W SUNSET BLVD,DIR-2016-2423-DB,649,577,32515,45,4,41,0.088888889,14.48311157,1,31110,409700,1119,-527.2535709,0.022095075,90026,9.544787078,2862800,6429700,4288600,5406014035,1301 W SUNSET BLVD,0,0
5407007001,Non-TOC Disc,,,1,708 S NEW DEPOT ST,DIR-2017-2462-DB,776,776,25668,33,3,30,0.090909091,5.524239008,1,23603,470000,941,-1985.253885,0.006429663,90012,3.017689906,,,,5407007001,708 S NEW DEPOT ST,0,1
5407007007,Non-TOC Disc,,,1,849 N BUNKER HILL AVE,DIR-2016-571-DB,718,619,32375,37,2,35,0.054054054,5.524239008,1,23603,470000,941,-2152.109997,0.006429663,90012,3.017689906,,,,5407007007,849 N BUNKER HILL AVE,0,1
5419009021,Non-TOC BR,,,1,1605 W GRAFTON ST,,758,758,20986,35,0,35,0,32.51851852,13,45893,598700,1111,-1515.225809,0.018157087,90026,41.20267261,2862800,6429700,4288600,5419009021,1605 W GRAFTON ST,0,0
5420022023,Non-TOC Disc,,,0,1901 N ECHO PARK AVE,ENV-2010-111-MND,3018,3018,11546,13,0,13,0,20.25099829,13,64632,687500,1238,772.7358945,0.013902578,90026,36.8980963,2862800,6429700,4288600,5420022023,1901 N ECHO PARK AVE,0,0
5423005003,Non-TOC Disc,,,1,1750 N GLENDALE BLVD,CPC-2015-3674-DB-SPR-ZAI,995,995,61266,70,8,62,0.114285714,32.51851852,13,45893,598700,1111,-206.2582571,0.018157087,90026,41.20267261,2862800,6429700,4288600,5423005003,1750 N GLENDALE BLVD,0,0
5434017005,Non-TOC Disc,,,1,3160 W RIVERSIDE DR,DIR-2016-1106-CLQ,817,817,61963,65,0,65,0,19.25729443,4,65264,727400,1525,1999.586707,0.005659266,90027,11.4853672,3676900,8415400,5715900,5434017005,3160 W RIVERSIDE DR,0,0
5442010027,Non-TOC Disc,,,1,1901 W BLAKE AVE,CPC-2017-2406-DB,677,677,50612,52,5,47,0.096153846,36.64739884,13,45066,547700,1184,6508.434635,0.022519349,90039,60.2357985,3094300,6657000,4537700,5442010027,1901 W BLAKE AVE,0,0
5447014032,Non-TOC Disc,,,1,2020 N BARRANCA ST,APCE-2018-5867-SPE,518,308,114536,95,5,90,0.052631579,32.8,1,44215,372400,1034,-851.3994896,0.019315226,90031,21.8902439,1445900,4059800,2753400,5447014032,2020 N BARRANCA ST,1,0
5471015005,Non-TOC Disc,,,1,767 N AVENUE 50,DIR-2017-2783-SPP,1083,1083,23031.6,17,0,17,0,65.51282051,1,64057,461100,1092,1077.878774,0.022302596,90042,77.77777778,2173400,5109500,3580800,5471015005,767 N AVENUE 50 ,0,0
5473024021,Non-TOC Disc,,,1,3815 W AVENUE 43,DIR-2017-2272-CDO,281,281,24443,28,0,28,0,49.49784792,14,62697,440300,1158,3909.376011,0.001870401,90041,60.47819972,1793400,4282400,2856600,5473024021,3815 W AVENUE 43 ,0,0
5493004005,Non-TOC BR,,,1,6417 N FIGUEROA ST,,265,265,21017,21,2,19,0.095238095,57.19814241,14,55625,519000,1159,-1989.88354,0.014059935,90042,75.65152643,2173400,5109500,3580800,5493004005,6417 N FIGUEROA ST,0,0
5501004006,Non-TOC Disc,,,1,235 N HOOVER ST,DIR-2015-3939-DB-SPP-DI-SPR,1603,947,261524,221,19,202,0.085972851,12.17687075,13,39216,322100,1134,-3605.348979,0.013204273,90004,11.02040816,3657400,7465700,5780300,5501004006,235 N HOOVER ST,0,0
5503018008,Non-TOC Disc,,,1,4170 W 5TH ST,DIR-2017-181-DB,533,533,20041,28,4,24,0.142857143,64.03940887,10,52231,400500,990,299.118479,0.013353244,90008,68.30708661,1333600,3898800,2466000,5503018008,4170 W 5TH ST,1,0
5503020026,Non-TOC Disc,,,1,510 S OXFORD AVE,DIR-2017-2442-SPR,1034,1003,122280,89,0,89,0,10.95954845,10,37045,514700,1124,-3335.421855,0.014264799,90020,0.560747664,2760100,8340400,5445500,5503020026,510 S OXFORD AVE,0,1
5503023009,TOC DISC,1,,1,3920 W 5TH ST,DIR-2018-5859-TOC,727,727,26874,40,4,36,0.1,10.95954845,10,37045,514700,1124,-4494.086735,0.014264799,90020,0.560747664,2760100,8340400,5445500,5503023009,3920 W 5TH ST,0,1
5504019023,Non-TOC BR,,,1,527 S WILTON PL,,748,748,9663,14,0,14,0,10.6918239,4,34303,276600,1067,-1903.823303,0.004079516,90020,2.29528536,2760100,8340400,5445500,5504019023,527 S WILTON PL,0,0
5518002012,Non-TOC BR,,,1,161 S NORMANDIE AVE,,113,113,10697,13,0,13,0,1.493710692,13,32136,602300,1076,-4934.389711,0.016810281,90004,2.950819672,3657400,7465700,5780300,5518002012,161 S NORMANDIE AVE,0,1
5520024009,Non-TOC Disc,,,1,338 N MARIPOSA AVE,DIR-2014-4909-DB,1449,1171,16100,14,1,13,0.071428571,5.746140652,13,31571,629300,1037,-5161.105473,0.016925397,90004,2.726473175,3657400,7465700,5780300,5520024009,338 N MARIPOSA AVE,0,0
5521003051,TOC DISC,1,,1,660 N OXFORD AVE,DIR-2018-4508-TOC,1397,1280,49948,37,5,32,0.135135135,16.29032258,13,45792,503200,1225,-3574.576402,0.020393493,90004,22.72360999,3657400,7465700,5780300,5521003051,660 N OXFORD AVE,0,1
5521004001,Non-TOC Disc,,,1,4864 W MELROSE AVE,DIR-2016-4043-DB,576,534,37944,51,6,45,0.117647059,16.29032258,13,45792,503200,1225,-4185.368414,0.020393493,90029,22.72360999,3178700,7297200,5043100,5521004001,4864 W MELROSE AVE,0,0
5521004020,Non-TOC BR,,,1,641 N HOBART BLVD,,261,261,13391,14,1,13,0.071428571,16.29032258,13,45792,503200,1225,-4096.03139,0.020393493,90004,22.72360999,3657400,7465700,5780300,5521004020,641 N HOBART BLVD,0,0
5521006039,TOC BR,1,,1,4760 W MELROSE AVE,,232,232,21624,39,38,1,0.974358974,6.097560976,13,35485,497300,998,-4774.545875,0.012276159,90029,10.39794608,3178700,7297200,5043100,5521006039,4760 W MELROSE AVE,0,0
5521007036,TOC DISC,1,,1,4660 W MELROSE AVE,DIR-2018-2736-TOC,666,666,52739,66,6,60,0.090909091,6.097560976,13,35485,497300,998,-5522.19063,0.012276159,90029,10.39794608,3178700,7297200,5043100,5521007036,4660 W MELROSE AVE,0,0
5521011002,Non-TOC BR,,,1,552 N HOBART BLVD,,233,233,25444,26,2,24,0.076923077,16.29032258,13,45792,503200,1225,-3865.703027,0.020393493,90004,22.72360999,3657400,7465700,5780300,5521011002,552 N HOBART BLVD,0,0
5522003006,Non-TOC Disc,,,1,667 N WILTON PL,DIR-2016-2598-DB,630,630,20920,34,3,31,0.088235294,37.5,4,77305,890900,1340,-2374.209311,0.015910816,90004,33.44968005,3657400,7465700,5780300,5522003006,667 N WILTON PL,0,0
5522014012,Non-TOC Disc,,,1,521 N GRAMERCY PL,DIR-2019-1971-TOC,261,170,22424,19,0,19,0,14.22413793,4,51699,601500,1155,-2004.308844,0.015686252,90004,12.92175162,3657400,7465700,5780300,5522014012,521 N GRAMERCY PL,0,0
5522015010,Non-TOC Disc,,,1,5153 W MAPLEWOOD AVE,DIR-2016-469-DB,1427,1396,53839.08,34,3,31,0.088235294,37.5,4,77305,890900,1340,-1436.598074,0.015910816,90004,33.44968005,3657400,7465700,5780300,5522015010,5153 W MAPLEWOOD AVE,0,0
5522016017,TOC DISC,1,,1,5122 W MAPLEWOOD AVE,DIR-2017-4551-TOC,238,238,28868,24,2,22,0.083333333,37.5,4,77305,890900,1340,-1553.116973,0.015910816,90004,33.44968005,3657400,7465700,5780300,5522016017,5122 W MAPLEWOOD AVE,0,0
5522019003,Non-TOC Disc,,,1,4749 W ELMWOOD AVE,CPC-2017-2121-DB,714,714,13410,14,1,13,0.071428571,14.22413793,4,51699,601500,1155,-2302.399579,0.015686252,90004,12.92175162,3657400,7465700,5780300,5522019003,4749 W ELMWOOD AVE,0,1
5522020011,Non-TOC BR,,,1,4807 W ELMWOOD AVE,,546,546,11974,13,1,12,0.076923077,14.22413793,4,51699,601500,1155,-1890.650123,0.015686252,90004,12.92175162,3657400,7465700,5780300,5522020011,4807 W ELMWOOD AVE,0,0
5522028014,Non-TOC BR,,,1,4847 W BEVERLY BLVD,,251,251,26152,16,0,16,0,37.5,4,77305,890900,1340,-896.5651158,0.015910816,90004,33.44968005,3657400,7465700,5780300,5522028014,4847 W BEVERLY BLVD,0,0
5523022012,Non-TOC Disc,,,1,647 N BEACHWOOD DR,CPC-2016-4316-DB,733,733,43078,52,5,47,0.096153846,37.5,4,77305,890900,1340,-2276.644624,0.015910816,90004,33.44968005,3657400,7465700,5780300,5523022012,647 N BEACHWOOD DR,0,0
5527007024,TOC DISC,1,,1,700 N SPAULDING AVE,DIR-2018-4879-TOC-WDI,432,432,20519,24,2,22,0.083333333,45.75471698,5,92944,847000,1828,-1405.792265,0.006081794,90046,51.8488746,3688200,6955800,5470800,5527007024,700 N SPAULDING AVE,0,0
5527032021,Non-TOC Disc,,,1,429 N HAYWORTH AVE,ZA-2018-5722-ZAA,445,445,24629,16,0,16,0,48.79832811,5,85313,1392900,1461,-2636.893294,0.031306498,90048,51.48305085,6388000,12691600,9842100,5527032021,429 N HAYWORTH AVE,0,0
5528001078,Non-TOC Disc,,,1,725 N CROFT AVE,VTT-82548-CN,325,325,64912.5,31,0,31,0,28.12798472,5,84367,845700,1958,-3811.323864,0.005087774,90069,11.88362919,5757000,11095100,8809700,5528001078,725 N CROFT AVE,0,0
5528003034,Non-TOC Disc,,,1,728 N SWEETZER AVE,VTT-74130-CN,885,872,93349,49,0,49,0,28.12798472,5,84367,845700,1958,-3439.560686,0.005087774,90069,11.88362919,5757000,11095100,8809700,5528003034,728 N SWEETZER AVE,0,0
5528003040,Non-TOC Disc,,,1,714 N SWEETZER AVE,VTT-74129-CN,889,889,41098,26,0,26,0,28.12798472,5,84367,845700,1958,-3508.277445,0.005087774,90069,11.88362919,5757000,11095100,8809700,5528003040,714 N SWEETZER AVE,0,0
5529007022,Non-TOC Disc,,,1,1017 N CROFT AVE,VTT-74835-CN,390,264,26140,16,0,16,0,28.12798472,5,84367,845700,1958,-2180.415072,0.005087774,90069,11.88362919,5757000,11095100,8809700,5529007022,1017 N CROFT AVE,0,0
5529021047,Non-TOC BR,,,1,857 N HAYWORTH AVE,,774,774,14071,10,0,10,0,18.13685078,5,77108,1110600,1580,-2708.431833,0.003715408,90046,21.39384117,3688200,6955800,5470800,5529021047,857 N HAYWORTH AVE,0,0
5532017020,Non-TOC Disc,,,1,6933 W SANTA MONICA BLVD,CPC-2015-4611-GPA-VZC-HD-DB-MCUP-WDI-SPR,1439,1439,218316,224,15,209,0.066964286,7.950310559,4,52554,511000,1442,-1665.120004,0.004129355,90038,5.057471264,3840200,8602400,6617100,5532017020,6933 W SANTA MONICA BLVD,0,0
5533018001,Non-TOC Disc,,,1,901 N VINE ST,DIR-2014-4497-DB-SPR,1322,1322,74215,70,7,63,0.1,5.990016639,13,37134,610000,1168,-971.0654472,0.01763124,90038,10.16679905,3840200,8602400,6617100,5533018001,901 N VINE ST,0,0
5533021029,Non-TOC BR,,,1,900 N WILCOX AVE,,222,222,27439,17,0,17,0,5.990016639,13,37134,610000,1168,292.443617,0.01763124,90038,10.16679905,3840200,8602400,6617100,5533021029,900 N WILCOX AVE,0,0
5533035019,Non-TOC Disc,,,1,718 N HUDSON AVE,DIR-2016-881-DB,914,914,38122,23,2,21,0.086956522,11.25299282,4,47470,471400,1075,321.068633,0.019309475,90038,3.03657695,3840200,8602400,6617100,5533035019,718 N HUDSON AVE,0,0
5534019029,Non-TOC Disc,,,1,5820 W LA MIRADA AVE,TT-74188,986,973,28807,17,0,17,0,5.165816327,13,28973,625000,1055,-4483.829625,0.019792712,90038,5.467720685,3840200,8602400,6617100,5534019029,5820 W LA MIRADA AVE,0,1
5535021003,Non-TOC BR,,,1,945 N OXFORD AVE,,476,476,17168.64,11,0,11,0,15.19434629,13,32639,677900,1064,-4727.602551,0.013172326,90029,9.979064899,3178700,7297200,5043100,5535021003,945 N OXFORD AVE,0,0
5536004003,Non-TOC Disc,,,1,5608 W LA MIRADA AVE,DIR-2017-479-DB,546,546,13323,13,1,12,0.076923077,5.917955615,13,32243,496000,983,-5388.212602,0.013984661,90038,8.769448373,3840200,8602400,6617100,5536004003,5608 W LA MIRADA AVE,0,1
5536004012,Non-TOC BR,,,1,5639 W LEXINGTON AVE,,401,401,43308,37,3,34,0.081081081,5.917955615,13,32243,496000,983,-5727.180982,0.013984661,90038,8.769448373,3840200,8602400,6617100,5536004012,5639 W LEXINGTON AVE,0,1
5537002027,Non-TOC Disc,,,1,5460 W FOUNTAIN AVE,DIR-2015-3566-DB-SPR,1204,1204,62245,49,7,42,0.142857143,11.15218731,13,32031,541700,1026,-4942.67639,0.016969298,90029,12.34882241,3178700,7297200,5043100,5537002027,5460 W FOUNTAIN AVE,0,1
5537003004,Non-TOC BR,,,1,5342 W FOUNTAIN AVE,,449,449,16799,15,0,15,0,11.15218731,13,32031,541700,1026,-4798.121335,0.016969298,90029,12.34882241,3178700,7297200,5043100,5537003004,5342 W FOUNTAIN AVE,0,0
5537024004,TOC BR,1,,1,5068 W ROMAINE ST,,602,602,14795,18,2,16,0.111111111,5.004170142,13,26729,820700,1066,-6185.02744,0.029389926,90029,9.470752089,3178700,7297200,5043100,5537024004,5068 W ROMAINE ST,0,0
5540009010,Non-TOC Disc,,,1,1111 N KENMORE AVE,DIR-2017-2254-DB,818,400,19296,24,4,20,0.166666667,7.931034483,13,32270,592200,1003,-4704.829086,0.031009884,90029,11.39534884,3178700,7297200,5043100,5540009010,1111 N KENMORE AVE,0,0
5540011009,Non-TOC Disc,,,1,1223 N EDGEMONT ST,DIR-2017-2402-DB-SPP,310,305,11193,13,1,12,0.076923077,3.247863248,13,28912,497400,989,-4896.192703,0.019217787,90029,6.775300172,3178700,7297200,5043100,5540011009,1223 N EDGEMONT ST,1,0
5542003016,Non-TOC Disc,,,1,4531 W HOLLYWOOD BLVD,DIR-2014-2578-SPP-SPR,1997,1743,229960,202,0,202,0,19.55617198,4,67342,605700,1445,-2620.478933,0.0170979,90027,27.69556025,3676900,8415400,5715900,5542003016,4531 W HOLLYWOOD BLVD,1,1
5543008007,Non-TOC Disc,,,1,4900 W HOLLYWOOD BLVD,CPC-2013-1595-DB-CU-ZAA-SPP-SPR,2443,1175,174300,150,24,126,0.16,2.602905569,13,32359,536800,1043,-2786.45984,0.011466404,90027,8.041743401,3676900,8415400,5715900,5543008007,4900 W HOLLYWOOD BLVD,1,1
5543009021,Non-TOC Disc,,,1,4850 W HOLLYWOOD BLVD,DIR-2017-2825-SPP-SPR,977,715,115632,96,0,96,0,2.602905569,13,32359,536800,1043,-2894.411654,0.011466404,90027,8.041743401,3676900,8415400,5715900,5543009021,4850 W HOLLYWOOD BLVD,1,1
5544019014,Non-TOC Disc,,,1,1525 N HOBART BLVD,DIR-2017-1835-DB-SPP,864,864,18487,21,2,19,0.095238095,9.416767922,13,28892,273800,994,-3424.017359,0.017887168,90027,6.483790524,3676900,8415400,5715900,5544019014,1525 N HOBART BLVD,1,1
5545015042,Non-TOC BR,,,1,1432 N TAMARIND AVE,,538,538,25648,21,0,21,0,5.165816327,13,28973,625000,1055,-4077.892945,0.019792712,90028,5.467720685,4388900,7361400,5920300,5545015042,1432 N TAMARIND AVE,0,1
5546016002,Non-TOC Disc,,,1,6390 W DE LONGPRE AVE,ZA-2015-1766-MCUP-VCU-SPR,1336,794,193631,193,0,193,0,8.744394619,13,31156,519900,1134,-1783.93036,0.005829306,90028,13.13868613,4388900,7361400,5920300,5546016002,6390 W DE LONGPRE AVE,0,1
5546025003,Non-TOC Disc,,,1,6240 W SUNSET BLVD,CPC-2014-750-VZC-HD-DB-CUB-SPP-SPR,1512,837,193959,200,12,188,0.06,6.573859242,13,20125,627900,959,-2957.867992,0.0052133,90028,5.891594658,4388900,7361400,5920300,5546025003,6240 W SUNSET BLVD,0,1
5547009024,Non-TOC Disc,,,1,1718 N LAS PALMAS AVE,VTT-72491-CN,1625,1625,169531,224,0,224,0,0.551217271,13,30982,0,1326,-2025.458019,0.004852588,90028,1.300390117,4388900,7361400,5920300,5547009024,1718 N LAS PALMAS AVE,0,1
5547018005,TOC DISC,1,,1,1530 N CASSIL PL,DIR-2019-2593-SPR-TOC,402,360,107667,200,20,180,0.1,18.44215349,13,31202,978400,1197,-1356.441639,0.02023925,90028,13.90029326,4388900,7361400,5920300,5547018005,1530 N CASSIL PL,0,1
5586035040,Non-TOC Disc,,,1,5750 W HOLLYWOOD BLVD,DIR-2014-4287-DB-SPR-SPP,1303,842,166008,161,14,147,0.086956522,0,13,28424,0,1145,-2541.501985,0.016300631,90028,1.869158879,4388900,7361400,5920300,5586035040,5750 W HOLLYWOOD BLVD,1,1
5682018046,Non-TOC BR,,,1,2451 W COLORADO BLVD,,1069,1069,40765,41,0,41,0,80.32712403,14,114154,683200,1105,-1856.222679,0.010640084,90041,81.67659185,1793400,4282400,2856600,5682018046,2451 W COLORADO BLVD,1,0
6003030013,TOC BR,1,,1,6211 S VERMONT AVE,,530,530,10403,15,15,0,1,30.83257091,9,24849,311200,974,-5492.31597,0.011263817,90044,40.20530368,615900,2895300,1579200,6003030013,6211 S VERMONT AVE,1,1
6006018001,TOC BR,1,changed to TOC BR,1,6401 S AVALON BLVD,,114,114,13388,28,28,0,1,32.56814921,9,36569,270600,1078,-4911.655958,0.021379676,90003,63.25036603,616300,2737600,1550300,6006018001,6401 S AVALON BLVD,1,1
6011008027,TOC BR,1,,1,325 E FLORENCE AVE,,200,200,15069,31,31,0,1,32.56814921,9,36569,270600,1078,-2604.501936,0.021379676,90003,63.25036603,616300,2737600,1550300,6011008027,325 E FLORENCE AVE,1,1
6012009902,TOC DISC,1,,1,6901 S MAIN ST,DIR-2018-394-TOC,437,436,42469,50,49,1,0.98,33.92434988,9,39302,315600,1101,-3603.476873,0.024154561,90003,50.8254717,616300,2737600,1550300,6012009902,6901 S MAIN ST,1,1
6012010034,Non-TOC BR,,,1,7025 S MAIN ST,,699,699,6547,11,0,11,0,33.92434988,9,39302,315600,1101,-3128.577032,0.024154561,90003,50.8254717,616300,2737600,1550300,6012010034,7025 S MAIN ST,1,1
6018003033,TOC DISC,1,,1,1650 W FLORENCE AVE,DIR-2018-6175-TOC,513,333,75105,128,13,115,0.1015625,58.7196468,8,39475,315800,1153,-2324.405405,0.016698159,90047,70.24147727,975700,3515700,2019100,6018003033,1650 W FLORENCE AVE,1,1
6018032001,TOC BR,1,,1,7800 S WESTERN AVE,,342,342,7692,20,2,18,0.1,58.7196468,8,39475,315800,1153,-610.2384838,0.016698159,90047,70.24147727,975700,3515700,2019100,6018032001,7800 S WESTERN AVE,1,1
6020009031,TOC DISC,1,,1,950 W 76TH ST,DIR-2018-5601-TOC,643,586,37377,50,49,1,0.98,17.90341578,8,24615,291400,1096,-1162.659723,0.017208664,90044,30.57395143,615900,2895300,1579200,6020009031,950 W 76TH ST,1,0
6022022011,TOC DISC,1,,1,410 E FLORENCE AVE,DIR-2017-4059-TOC,465,406,42835,51,50,1,0.980392157,39.49115044,9,31000,262100,1013,-2551.932249,0.00581683,90003,62.35167206,616300,2737600,1550300,6022022011,410 E FLORENCE AVE,1,1
6031019013,TOC BR,1,,1,7823 S MAIN ST,,834,834,25342,47,4,43,0.085106383,21.96796339,9,29219,238700,1157,-396.6086876,0.009360581,90003,47.59238522,616300,2737600,1550300,6031019013,7823 S MAIN ST,1,1
6032006021,Non-TOC Disc,,,1,837 W 82ND ST,DIR-2019-1970-DB-PSH-SIP,272,272,11724,17,16,1,0.941176471,11.0724234,8,24369,314100,987,-772.0096855,0.011842567,90044,24.93297587,615900,2895300,1579200,6032006021,837 W 82ND ST,1,0
6032024022,TOC BR,1,,1,611 W 82ND ST,,309,309,10979.6,19,18,1,0.947368421,11.0724234,8,24369,314100,987,-1022.661858,0.011842567,90044,24.93297587,615900,2895300,1579200,6032024022,611 W 82ND ST,1,0
6038010026,Non-TOC Disc,0,"Remove this one -- permit data is strange, and does not appear to be TOC project",0,8750 S VERMONT AVE,VTT-82164,269,269,27777,21,20,1,0.952380952,19.4068343,8,27125,259100,881,-1507.347838,0.010058815,90044,44.43765281,615900,2895300,1579200,6038010026,8750 S VERMONT AVE,1,0
6038010902,TOC BR,1,,1,957 W 88TH ST,,269,269,42619,41,40,1,0.975609756,19.4068343,8,27125,259100,881,-1749.383309,0.010058815,90044,44.43765281,615900,2895300,1579200,6038010902,957 W 88TH ST,1,0
6046019920,Non-TOC Disc,,,1,2270 E CENTURY BLVD,DIR-2016-4733-AC,560,560,12537,10,0,10,0,81.89269747,5,120208,1077900,2372,-332.2454522,0.006106798,90067,5.348346235,,,,6046019920,2270 E CENTURY BLVD,1,0
6046019927,Non-TOC BR,,,1,2080 E CENTURY BLVD,,435,435,22618,20,0,20,0,52.07646671,8,34853,296900,1035,2046.533275,0.013030831,90047,9.86,975700,3515700,2019100,6046019927,2080 E CENTURY BLVD,0,0
6046019930,Non-TOC Disc,,,1,2062 E 99TH PL,DIR-2019-6968-DB,197,197,105416,80,77,3,0.9625,0,15,14728,0,524,15.56351005,0.0642507,90002,8.655126498,531800,2685900,1394800,6046019930,2062 E 99TH PL,1,0
6046021918,Non-TOC BR,,,1,2300 E CENTURY BLVD,,435,435,19051,17,0,17,0,81.89269747,5,120208,1077900,2372,-257.2683474,0.006106798,90067,5.348346235,,,,6046021918,2300 E CENTURY BLVD,1,0
6048004025,TOC BR,1,,1,9515 S COMPTON AVE,,203,203,10051,21,20,1,0.952380952,32.41042345,15,31202,222900,1025,-612.7080094,0.018099211,90002,43.10344828,531800,2685900,1394800,6048004025,9515 S COMPTON AVE,1,0
6048004030,Non-TOC BR,,,1,9543 S COMPTON AVE,,825,825,16163,17,0,17,0,32.41042345,15,31202,222900,1025,-576.9674165,0.018099211,90002,43.10344828,531800,2685900,1394800,6048004030,9543 S COMPTON AVE,1,0
6048022066,Non-TOC BR,,,1,9220 S COMPTON AVE,,475,475,12024,12,0,12,0,32.41042345,15,31202,222900,1025,-1512.632187,0.018099211,90002,43.10344828,531800,2685900,1394800,6048022066,9220 S COMPTON AVE,1,0
6070016007,Non-TOC Disc,,,1,11408 S CENTRAL AVE,DIR-2019-3117-SPR-PSH-SIP,297,250,57358,64,63,1,0.984375,8.352315869,15,14483,328000,513,670.2525587,0.029532947,90059,10.06517017,556700,2539200,1340800,6070016007,11408 S CENTRAL AVE,1,1
6088009036,Non-TOC Disc,,,1,11516 S VERMONT AVE,TT-65361-CN,752,752,45095,31,0,31,0,33.17340644,8,31496,281500,1080,-3033.90696,0.016073923,90044,56.01503759,615900,2895300,1579200,6088009036,11516 S VERMONT AVE,1,0
7418004008,Non-TOC BR,,,1,221 W E ST,,460,460,6496,10,10,0,1,23.31349206,15,31830,313000,920,10589.48862,0.01675832,90744,39.78805395,715200,2767700,1699600,7418004008,221 W E ST,0,0
7418004009,Non-TOC BR,,,1,505 N MARINE AVE,,416,416,10871,17,17,0,1,23.31349206,15,31830,313000,920,10656.13141,0.01675832,90744,39.78805395,715200,2767700,1699600,7418004009,505 N MARINE AVE,0,0
7455012022,TOC BR,1,,1,336 W 7TH ST,,545,545,35914,32,3,29,0.09375,,14,38176,454300,1324,-6558.51305,0.010394719,90014,2.411308204,,,,7455012022,336 W 7TH ST,0,1
4217018032,TOC DISC,1,,1,846 S MARIPOSA AVE,DIR-2018-2943-TOC,1070,1044,29000,38,6,32,0.157894737,2.793834297,10,32941,531300,900,-6351.686275,0.018130982,90005,1.240458015,2447400,6124200,4652500,5094017002,846 S MARIPOSA AVE,0,1
,,,,,,,,,,,,,,,,,,,,,,,,,,,,,
,,,,,,,,,,,,,,,,,,,,,,,,,,,,,
,,,,,,,,,,,,,,,,,,,,,,,,,,,,,
,,,,,,,,,,,,,,,,,,,,,,,,,,,,,