,AIN,TOC Status,confirmTOC,notes,include,Address,cp_casenum,full_approvetime,minus_holddays,zc_floorarea,total_units,aff_units,mr_units,pct_aff,Council District,TOC Dist,ProximityCBD,ZIPCODE,LV 2012,LV2020,LV 2015,SPA DUMMY,REDEV DUMMY,GEOID,MedianHouseholdIncome16,PerOO16,PerSingFam16,Median HomeValue16,MedianGrossRent16,CBDdist
0,2138003020,Non-TOC BR,,,1,7043 N JORDAN AVE,,363,363,42095,33,0,33,0,3,-3360.469507,0.009952085,91303,581700,2177800,1401300,0,1,6037134520,40016,16.99003671,15.93843098,257300,1094,22.57448405
1,2138022010,Non-TOC Disc,,,1,21121 W VANOWEN ST,DIR-2016-4563-SPP,749,749,97611.8,101,0,101,0,3,715.6466371,0.004137242,91335,936000,2616100,1835200,0,0,6037132501,50363,44.09377818,59.53806672,388900,1190,19.62201292
2,2148027005,Non-TOC Disc,,,1,20944 W VANOWEN ST,DIR-2016-3485-AC,540,540,46360,38,0,38,0,3,715.6466371,0.004137242,91335,936000,2616100,1835200,0,0,6037132501,50363,44.09377818,59.53806672,388900,1190,19.62201292
3,2206011022,Non-TOC BR,,,1,15755 W SATICOY ST,,497,497,33532,24,0,24,0,6,2386.448902,0.008744046,91406,1050800,2827900,1981200,0,0,6037127300,44924,30.16336056,33.98876404,394700,1063,16.73446491
4,2210031012,Non-TOC Disc,,,1,7639 N VAN NUYS BLVD,DIR-2016-2920-DB,659,659,31359,36,4,32,0.111111111,6,-2195.717336,0.011552799,91405,973700,2909200,1905400,0,0,6037127210,42571,28.32278481,26.42001042,346400,1124,15.80038863
5,2220005003,Non-TOC BR,,,1,14954 W SHERMAN WAY,,546,546,24840,21,0,21,0,3,1254.473987,0.009302189,91335,936000,2616100,1835200,0,1,6037132300,40242,32.45901639,39.99197754,367300,1083,18.71680353
6,2221021005,Non-TOC BR,,,1,14912 W WYANDOTTE ST,,607,607,13055.75,10,1,9,0.1,2,-1959.69291,0.005597018,91405,973700,2909200,1905400,0,0,6037127104,40357,36.67218543,33.79416283,399600,1213,15.09014141
7,2224004006,Non-TOC Disc,,,1,16030 W SHERMAN WAY,DIR-2017-2480-DB,999,939,58997,54,7,47,0.12962963,3,1254.473987,0.009302189,91335,936000,2616100,1835200,0,1,6037132300,40242,32.45901639,39.99197754,367300,1083,18.71680353
8,2237001017,Non-TOC Disc,,,1,6600 N VAN NUYS BLVD,DIR-2016-2062-DB-SPR-CDO,1084,733,59770,54,6,48,0.111111111,6,-2978.472814,0.003850361,91405,973700,2909200,1905400,0,0,6037128102,34583,20.6122449,30.25210084,378800,1163,14.89348817
9,2239006030,Non-TOC Disc,,,1,13724 W VICTORY BLVD,CPC-2016-2612-VZC-SPR-DB,1113,1051,61245,67,4,63,0.059701493,2,966.9221711,0.024047978,91401,1594700,3676400,2502700,0,0,6037128220,45168,33.30442324,43.12913907,551700,1122,14.00228848
10,2239023003,Non-TOC BR,,,1,6015 N WOODMAN AVE,,669,669,12240,14,0,14,0,2,2575.739974,0.00712075,91401,1594700,3676400,2502700,0,0,6037128601,40100,19.65116279,26.13180516,475000,1133,13.6625579
11,2240012014,Non-TOC Disc,,,1,6363 N TYRONE AVE,DIR-2018-63-DB-CDO,560,407,39635,30,6,24,0.2,6,-1377.639058,0.012500265,91401,1594700,3676400,2502700,0,0,6037128210,28087,3.210702341,11.11821086,436400,1160,14.50699159
12,2240013006,Non-TOC BR,,,1,14222 W VICTORY BLVD,,764,764,20011.4,18,3,15,0.166666667,6,-948.3799504,0.012500265,91401,1594700,3676400,2502700,0,0,6037128210,28087,3.210702341,11.11821086,436400,1160,14.46623949
13,2241013013,Non-TOC Disc,,,1,14540 W ERWIN ST,DIR-2017-1079-DB-CDO,648,548,46713,48,6,42,0.125,6,-1940.215366,0.013651192,91411,1503400,3818900,2643100,0,0,6037128303,24183,5.09383378,8.547008547,,1095,14.64385839
14,2241017010,TOC BR,1,,1,14848 W DELANO ST,,330,330,11338.26,10,1,9,0.1,6,-66.63989392,0.013651192,91411,1503400,3818900,2643100,0,0,6037128303,24183,5.09383378,8.547008547,,1095,14.89931577
15,2241022003,Non-TOC BR,,,1,14612 W CALVERT ST,,357,357,26463.3,19,0,19,0,6,-1749.553876,0.013651192,91411,1503400,3818900,2643100,0,0,6037128303,24183,5.09383378,8.547008547,,1095,14.61076881
16,2246020015,Non-TOC BR,,,1,11401 N PORTER RANCH DR,,614,614,20128,15,0,15,0,12,9726.496328,0.000193459,91326,991300,2053600,1538400,1,0,6037108202,104182,59.61206897,70.61688312,738100,1913,24.11041083
17,2248004017,Non-TOC Disc,,,1,4806 N SYLMAR AVE,DIR-2017-2142-DB,601,601,24061,11,1,10,0.090909091,4,-75.28548354,0.009910483,91423,2221100,4615700,3483600,0,0,6037128702,68438,38.58675546,35.22142122,635400,1573,13.40950923
18,2248005024,Non-TOC BR,,,1,14419 W RIVERSIDE DR,,765,765,16132,12,0,12,0,4,-92.31723325,0.009910483,91423,2221100,4615700,3483600,0,0,6037128702,68438,38.58675546,35.22142122,635400,1573,13.44873971
19,2276041017,Non-TOC Disc,,,1,4409 N SAUGUS AVE,ENV-2018-3792-CE,429,429,20885,12,0,12,0,4,-1274.919019,0.008593093,91403,2112800,4411200,3348800,0,0,6037141302,84652,31.25641903,25.60509554,730400,1681,14.09219665
20,2276042001,Non-TOC BR,,,1,4383 N SEPULVEDA BLVD,,1065,1065,18645,16,0,16,0,11,1852.448038,0.019549609,90230,3298600,7373200,5382500,0,0,6037702700,120511,80.63300678,89.97739261,866500,1439,9.4111607
21,2284001016,Non-TOC Disc,,,1,4741 N LIBBIT AVE,DIR-2018-5437-DB,546,546,64767,45,4,41,0.088888889,5,4024.998349,0.013420275,91436,1784300,3883300,2813000,0,0,6037139701,129196,74.43153108,76.31703844,887700,2418,15.38429243
22,2314007017,Non-TOC Disc,,,1,11065 W ARMINTA ST,APCNV-2015-476-ZC,1775,1733,28572,20,0,20,0,6,-1212.354997,0.00796962,91352,760300,2184300,1429700,0,0,6037122121,45667,44.65753425,53.85620915,392900,1060,13.31473374
23,2314008036,Non-TOC Disc,,,0,11050 W ARMINTA ST,CPC-2009-2597-GPA-ZC-DB-SPR,3193,3193,126613,110,0,110,0,6,-1207.089391,0.016396537,91352,760300,2184300,1429700,0,0,6037122120,50000,53.23475046,64.23550088,365100,1343,13.28437472
24,2317017002,TOC DISC,1,,1,7401 N LANKERSHIM BLVD,DIR-2018-1500-TOC-SPR,776,776,105283,108,9,99,0.083333333,2,-1317.663657,0.014992825,91605,927100,2766700,1850800,0,0,6037122410,27241,8.625592417,16.04831752,361800,1000,13.26895571
25,2324029019,Non-TOC BR,,,1,6825 N WHITSETT AVE,,722,722,11147,11,0,11,0,2,3216.798009,0.014555116,91606,1333000,3413000,2351300,0,0,6037123700,54806,55.55555556,67.18047527,506500,1269,12.97602042
26,2328012003,Non-TOC BR,,,1,13654 W BASSETT ST,,258,258,17664,17,2,15,0.117647059,2,216.4703925,0.013040033,91405,973700,2909200,1905400,0,0,6037123510,45397,30.15974441,40.47330097,486100,1086,14.38184675
27,2328033043,Non-TOC BR,,,1,7040 N WOODMAN AVE,,548,548,41590,22,0,22,0,2,215.069679,0.013040033,91405,973700,2909200,1905400,0,0,6037123510,45397,30.15974441,40.47330097,486100,1086,14.54456789
28,2332021018,Non-TOC BR,,,1,12611 W OXNARD ST,,984,984,16117.7,11,3,8,0.272727273,3,-2635.324871,0.003216492,91367,1047500,2338200,1731300,1,0,6037135113,72337,12.78982797,16.40783255,222100,2089,21.94711902
29,2333010017,Non-TOC Disc,,,1,6144 N WHITSETT AVE,DIR-2010-483-DB,541,520,26470,16,0,16,0,2,3216.798009,0.014555116,91606,1333000,3413000,2351300,0,0,6037123700,54806,55.55555556,67.18047527,506500,1269,12.97602042
30,2334011030,Non-TOC BR,,,1,11950 W ERWIN ST,,1701,1701,178417,161,0,161,0,2,1742.185099,0.005426686,91606,1333000,3413000,2351300,0,1,6037123901,49866,27.96961326,45.23498695,522100,1299,12.28391984
31,2335025017,Non-TOC Disc,,,1,6302 N BECK AVE,ENV-2018-3355-CE,924,924,11810,11,0,11,0,2,833.3896228,0.003038731,91606,1333000,3413000,2351300,0,0,6037124104,32038,10.66925315,18.02656546,410800,1074,12.02432503
32,2335032012,Non-TOC Disc,,,1,6226 N COLFAX AVE,EIO,630,630,50295,41,4,37,0.097560976,2,1084.935254,0.003038731,91606,1333000,3413000,2351300,0,0,6037124104,32038,10.66925315,18.02656546,410800,1074,12.10460056
33,2335032017,Non-TOC Disc,,,1,11671 W ERWIN ST,DIR-2017-1999-DB-WDI,362,347,11625,10,1,9,0.1,2,1302.016095,0.003038731,91606,1333000,3413000,2351300,0,0,6037124104,32038,10.66925315,18.02656546,410800,1074,12.04202223
34,2337009005,Non-TOC BR,,,1,11329 W OXNARD ST,,482,482,12951,10,0,10,0,3,-2635.324871,0.003216492,91367,1047500,2338200,1731300,1,0,6037135113,72337,12.78982797,16.40783255,222100,2089,21.94711902
35,2337034016,Non-TOC BR,,,1,5617 N KLUMP AVE,,548,548,5599,10,0,10,0,2,-1239.267824,0.005893456,91601,1701900,4341000,3056100,0,1,6037124204,36682,7.843137255,29.06220984,344000,1143,11.07185541
36,2338010023,Non-TOC BR,,,1,11490 W OXNARD ST,,460,460,10473,12,0,12,0,3,-2635.324871,0.003216492,91367,1047500,2338200,1731300,1,0,6037135113,72337,12.78982797,16.40783255,222100,2089,21.94711902
37,2338023005,Non-TOC Disc,,,1,5758 N CAMELLIA AVE,TT-73361-CN-M1,1378,1378,16203,13,0,13,0,2,212.4781583,0.01584762,91601,1701900,4341000,3056100,0,0,6037124102,43306,26.15708275,34.80845443,589500,1147,11.46665173
38,2338024009,Non-TOC Disc,,,1,11436 W HATTERAS ST,APCSV-2014-2529-ZC,1383,1383,25976,28,0,28,0,2,-24.20379122,0.01584762,91601,1701900,4341000,3056100,0,1,6037124102,43306,26.15708275,34.80845443,589500,1147,11.40969245
39,2338028017,TOC DISC,1,,1,5610 N CAMELLIA AVE,	DIR-2017-2919-TOC,721,721,42245,62,6,56,0.096774194,2,-713.5882207,0.01584762,91601,1701900,4341000,3056100,0,1,6037124102,43306,26.15708275,34.80845443,589500,1147,11.31311122
40,2340006015,Non-TOC BR,,,1,5923 N LAUREL CANYON BLVD,,407,407,14188,11,0,11,0,2,3793.072443,0.011285545,91607,2045800,,3221900,0,1,6037123800,50370,26.73101133,30.252443,562900,1263,12.14864509
41,2347008021,Non-TOC Disc,,,1,5405 N HERMITAGE AVE,DIR-2017-3204-SPP,433,381,16299,11,0,11,0,2,4167.430303,0.004356627,91607,2045800,,3221900,1,0,6037124902,37744,9.829619921,8.390304537,440500,1224,11.84818482
42,2347019010,Non-TOC Disc,,,1,12147 W MAGNOLIA BLVD,DIR-2017-4324-DB-SPP,559,501,26652,36,4,32,0.111111111,4,2143.824113,0.029823648,91505,1875600,4174400,2953900,0,0,6037311200,76454,47.28986646,70.49306626,555600,1566,9.940594701
43,2347026001,Non-TOC Disc,,,1,12301 W MAGNOLIA BLVD,DIR-2017-5302-SPP,665,555,42737,26,0,26,0,4,2143.824113,0.029823648,91505,1875600,4174400,2953900,0,0,6037311200,76454,47.28986646,70.49306626,555600,1566,9.940594701
44,2347031029,Non-TOC Disc,,,1,12444 W CHANDLER BLVD,CPC-2015-3338-DB-SPR-SPP,1152,1037,63932,69,9,60,0.130434783,2,-891.3541419,0.018359145,91601,1701900,4341000,3056100,0,1,6037125310,45357,18.54674797,23.69158879,592600,1266,10.47075952
45,2350001020,Non-TOC Disc,,,1,11616 W BURBANK BLVD,TT-74950-CN,293,111,32497,21,2,19,0.095238095,3,7436.938519,0.014433265,91367,1047500,2338200,1731300,0,0,6037137302,123304,86.80425266,100,692600,3185,24.01699927
46,2350003059,Non-TOC Disc,,,1,5525 N CASE AVE,DIR-2017-1545-DB-SPR,412,412,94569,98,9,89,0.091836735,2,-1590.556964,0.018359145,91601,1701900,4341000,3056100,0,1,6037125310,45357,18.54674797,23.69158879,592600,1266,10.85475158
47,2350005054,Non-TOC Disc,,,1,5550 N BONNER AVE,TT-82240-CN,792,685,44065,48,0,48,0,2,-1475.980977,0.018359145,91601,1701900,4341000,3056100,0,1,6037125310,45357,18.54674797,23.69158879,592600,1266,10.95514694
48,2350007065,Non-TOC Disc,,,1,11433 W ALBERS ST,DIR-2016-599-DB,752,573,41696,59,11,48,0.186440678,2,-1669.277629,0.015891034,91601,1701900,4341000,3056100,0,1,6037125200,50990,35.51575046,44.49648712,555800,1264,11.13544339
49,2350010015,TOC BR,1,,1,11502 W CUMPSTON ST,,549,549,12093,20,3,17,0.15,2,-1256.15213,0.015891034,91601,1701900,4341000,3056100,0,0,6037125200,50990,35.51575046,44.49648712,555800,1264,11.17014756
50,2350010016,Non-TOC Disc,,,1,11525 W CHANDLER BLVD,CPC-2016-4493-VZC-SPR,463,463,42137,60,6,54,0.1,2,-891.3541419,0.018359145,91601,1701900,4341000,3056100,0,1,6037125310,45357,18.54674797,23.69158879,592600,1266,10.47075952
51,2350012028,Non-TOC Disc,,,0,11311 W CHANDLER BLVD,DIR-2007-5802-SPR,4303,4303,125564,127,11,116,0.086614173,2,-2557.424414,0.014372128,91601,1701900,4341000,3056100,0,1,6037125320,38703,5.983518452,4.394095434,270700,1458,10.90948143
52,2350018094,Non-TOC BR,,,1,11115 W MCCORMICK ST,,646,646,16687.48,14,0,14,0,2,-3098.607484,0.014372128,91601,1701900,4341000,3056100,0,1,6037125320,38703,5.983518452,4.394095434,270700,1458,10.63207808
53,2353003019,Non-TOC Disc,,,1,11241 W OTSEGO ST,EIO,375,375,32568,42,0,42,0,2,-1832.002136,0.003638927,91601,1701900,4341000,3056100,0,1,6037125401,55653,7.615062762,4.563335956,319800,1390,10.60075855
54,2353013004,TOC DISC,1,,1,11246 W OTSEGO ST,	DIR-2018-1257-TOC,947,947,50690,70,7,63,0.1,2,-1795.326029,0.003638927,91601,1701900,4341000,3056100,0,1,6037125401,55653,7.615062762,4.563335956,319800,1390,10.5858629
55,2353022009,TOC BR,1,,1,11280 W PEACH GROVE ST,,215,215,18045,21,3,18,0.142857143,2,-354.0044693,0.002953714,91601,1701900,4341000,3056100,0,1,6037125402,70000,25.99800399,16.45752896,482300,1524,10.42851625
56,2353023018,Non-TOC Disc,,,1,11311 W CAMARILLO ST,DIR-2016-4332-DB-SPR,716,716,57523,60,6,54,0.1,2,145.8262249,0.002953714,91602,2559000,5143700,3944800,0,1,6037125402,70000,25.99800399,16.45752896,482300,1524,10.3795746
57,2354012049,Non-TOC Disc,,,1,11445 N RIVERSIDE DR,DIR-2016-1533-SPP,872,684,29434,29,2,27,0.068965517,2,519.2665371,0.015891034,91602,2559000,5143700,3944800,1,0,6037125200,50990,35.51575046,44.49648712,555800,1264,10.5027785
58,2355005061,Non-TOC Disc,,,1,11700 W MAGNOLIA BLVD,DIR-2016-721-SPP,697,697,22188,19,0,19,0,4,2143.824113,0.029823648,91505,1875600,4174400,2953900,0,0,6037311200,76454,47.28986646,70.49306626,555600,1566,9.940594701
59,2356020011,Non-TOC Disc,,,1,5110 N WHITSETT AVE,DIR-2017-4920-SPP,346,346,38220,15,0,15,0,2,3216.798009,0.014555116,91606,1333000,3413000,2351300,0,0,6037123700,54806,55.55555556,67.18047527,506500,1269,12.97602042
60,2359024031,Non-TOC BR,,,1,5020 N WOODMAN AVE,,434,434,68804,51,0,51,0,4,3529.680735,0.00955828,91423,2221100,4615700,3483600,0,0,6037124600,80161,45.3125,53.05397727,699300,1450,12.86426543
61,2360021021,Non-TOC BR,,,1,4707 N FULTON AVE,,541,541,23998,17,0,17,0,4,4654.284569,0.008195738,91423,2221100,4615700,3483600,0,0,6037141101,74042,30.74639525,24.85714286,645100,1565,12.23130732
62,2367014027,Non-TOC BR,,,1,4114 N VANTAGE AVE,,274,274,28281,18,0,18,0,2,7319.544365,0.012619771,91604,2688000,5506300,4130700,0,0,6037143500,78558,40.06352087,40.55740433,869100,1688,10.63921784
63,2368004020,Non-TOC BR,,,1,12012 W VALLEYHEART DR,,666,666,29867,21,0,21,0,2,5340.481294,0.015823284,91604,2688000,5506300,4130700,0,0,6037143602,74700,42.48188406,32.75412685,690000,1682,10.48712312
64,2368009015,Non-TOC BR,,,1,4322 N GENTRY AVE,,544,544,15986,10,0,10,0,2,5354.587672,0.015823284,91604,2688000,5506300,4130700,0,0,6037143602,74700,42.48188406,32.75412685,690000,1682,10.62094694
65,2409003046,Non-TOC Disc,,,1,10966 W RATNER ST,DIR-2017-3457-DB,391,323,34805,44,43,1,0.977272727,6,-2343.496006,0.008377749,91352,760300,2184300,1429700,0,0,6037122122,32625,23.1316726,42.17252396,366000,1109,13.38348863
66,2419001020,Non-TOC BR,,,1,10947 W HARTSOOK ST,,545,545,13695,12,0,12,0,2,-2040.717054,0.004096749,91601,1701900,4341000,3056100,0,0,6037125501,47121,18.78824969,26.59574468,477700,1265,10.36026383
67,2419001025,Non-TOC Disc,,,1,10925 W HARTSOOK ST,EIO,421,421,61565,42,0,42,0,2,-1995.107333,0.004096749,91601,1701900,4341000,3056100,0,0,6037125501,47121,18.78824969,26.59574468,477700,1265,10.35336041
68,2419008017,Non-TOC Disc,,,1,10812 W MAGNOLIA BLVD,VTT-68054,1090,1090,36017,31,0,31,0,4,2143.824113,0.029823648,91505,1875600,4174400,2953900,0,0,6037311200,76454,47.28986646,70.49306626,555600,1566,9.940594701
69,2421014032,Non-TOC BR,,,1,10910 W PEACH GROVE ST,,271,271,18048,13,0,13,0,2,-1450.104618,0.003942664,91601,1701900,4341000,3056100,0,0,6037125502,57188,19.05594406,24.17754569,499300,1459,10.09068948
70,2423005014,Non-TOC BR,,,1,10742 W RIVERSIDE DR,,525,525,5006,12,0,12,0,4,-2251.764648,0.016433565,91602,2559000,5143700,3944800,0,0,6037143100,95703,45.8443855,34.77348993,780700,1633,9.609858386
71,2424002005,Non-TOC BR,,,1,4400 N CAHUENGA BLVD,,395,395,11995,10,0,10,0,13,-1822.823434,0.004788595,90028,4388900,7361400,5920300,0,1,6037190201,22334,0.537221796,2.734617775,,1152,5.781831111
72,2424005001,Non-TOC Disc,,,0,10352 W RIVERSIDE DR,ENV-2005-5088-MND,5239,5239,19958,12,0,12,0,4,462.8191193,0.016433565,91602,2559000,5143700,3944800,0,0,6037143100,95703,45.8443855,34.77348993,780700,1633,9.289959032
73,2513006900,Non-TOC BR,,,1,13574 W FOOTHILL BLVD,,213,213,19879,27,26,1,0.962962963,7,5457.175865,0.010327847,91342,501300,1609400,1107600,0,0,6037106114,51190,41.19897959,46.65461121,277400,1239,20.45876684
74,2530008901,Non-TOC Disc,,,1,11800 W KAGEL CANYON ST,DIR-2018-2406-ACI-DB-WDI,621,572,44044,49,48,1,0.979591837,7,6426.232947,0.009559373,91342,501300,1609400,1107600,0,0,6037104108,42435,45.7977208,46.80111266,258100,1298,17.37931849
75,2565013040,Non-TOC Disc,,,1,10140 N HILLHAVEN AVE,DIR-2018-78-DB,682,682,34261,34,8,26,0.235294118,7,24362.18022,0.009541857,91042,1026800,2683500,1885300,1,0,6037101210,36701,13.10763889,18.12393888,328600,1141,14.26129366
76,2565015065,Non-TOC Disc,,,1,10209 N SAMOA AVE,ADM-2018-6800-OVR,533,533,15320,11,0,11,0,7,25187.82973,0.009541857,91042,1026800,2683500,1885300,1,0,6037101210,36701,13.10763889,18.12393888,328600,1141,14.33238893
77,2565015119,Non-TOC Disc,,,1,10240 N COMMERCE AVE,ENV-2018-3101-CE,322,322,34221,36,3,33,0.083333333,7,25050.52657,0.009541857,91042,1026800,2683500,1885300,1,0,6037101210,36701,13.10763889,18.12393888,328600,1141,14.39815737
78,2654008024,Non-TOC BR,,,1,8837 N BURNET AVE,,1040,1040,16248,12,0,12,0,6,986.7241999,0.016508358,91343,733800,1959800,1344300,0,1,6037117520,36500,18.92712551,13.56097561,283500,1107,17.41135561
79,2654014031,Non-TOC BR,,,1,15528 W RAYEN ST,,520,520,16273,18,0,18,0,6,1267.794855,0.005317514,91343,733800,1959800,1344300,0,1,6037117407,24292,1.851851852,3.619441572,135900,1111,17.76687593
80,2654022017,Non-TOC Disc,,,1,15230 W PARTHENIA ST,ENV-2014-1659-MND,1534,1534,43906,41,0,41,0,6,-36.23659134,0.010066484,91343,733800,1959800,1344300,0,1,6037117530,37371,24.08005165,23.65657813,231100,1137,17.32427209
81,2654025044,TOC BR,1,,1,8444 N COLUMBUS AVE,,581,581,31904,25,2,23,0.08,7,-2135.253078,0.004238514,91343,733800,1959800,1344300,0,0,6037117101,76413,69.72343523,61.88083274,336900,1210,17.96658241
82,2654037024,Non-TOC Disc,,,1,15309 W CABRITO ROAD,AA-2018-1599-COC,370,370,39726,32,0,32,0,6,-562.110941,0.018524208,91406,1050800,2827900,1981200,0,1,6037127520,27207,3.346007605,1.792114695,274200,982,16.81992382
83,2764013011,Non-TOC Disc,,,1,9131 N DARBY AVE,CPC-2016-4190-VZC-HD-BL-DB-SPR,657,657,161067,146,17,129,0.116438356,12,-2084.792044,0.009982617,91325,704700,1824900,1270900,0,0,6037115202,49688,39.71816284,55.86136595,431500,1244,20.65018975
84,2786006016,TOC BR,1,,1,8548 N RESEDA BLVD,,880,880,29164,39,5,34,0.128205128,12,-700.6365774,0.004260155,91324,887200,2136000,1530100,0,0,6037115403,41383,29.44664032,42.36641221,475900,1150,20.31564943
85,2787017012,Non-TOC Disc,,,1,17455 W ROSCOE BLVD,CPC-2015-3215-CU-ZV-ZAA-SPR,1536,1536,18823,24,0,24,0,12,4245.079171,0.009426689,91325,704700,1824900,1270900,0,0,6037115401,60665,34.70557582,37.48197982,617000,1232,19.08685699
86,2787019007,Non-TOC Disc,,,1,17361 W ROSCOE BLVD,CPC-2015-3215-CU-ZV-ZAA-SPR,1529,1529,41516,53,0,53,0,12,4702.626135,0.009426689,91325,704700,1824900,1270900,0,0,6037115401,60665,34.70557582,37.48197982,617000,1232,19.02386728
87,4006004011,Non-TOC Disc,,,1,6109 S CRENSHAW BLVD,DIR-2017-499-DB-SPR-SPP,470,385,50643,75,6,69,0.08,8,-2351.069554,0.004131105,90043,1437100,4140200,2489700,1,1,6037234902,25750,17.28907331,30.59033989,344100,966,6.281209664
88,4006020010,TOC DISC,1,,1,6521 S BRYNHURST AVE,DIR-2019-1157-TOC,378,354,44384,41,5,36,0.12195122,8,-1829.110412,0.006242917,90043,1437100,4140200,2489700,1,1,6037234902,25750,17.28907331,30.59033989,344100,966,6.60836842
89,4006022018,Non-TOC BR,,,1,6740 S BRYNHURST AVE,,302,302,15690,12,2,10,0.166666667,8,-2376.435813,0.015436971,90043,1437100,4140200,2489700,1,1,6037235202,25958,25.19978689,38.3950024,345800,1010,6.743373059
90,4103008016,Non-TOC BR,,,1,7001 S LA TIJERA BLVD,,225,225,34190,23,0,23,0,11,-1469.124553,0.008880074,90045,3192300,6669700,4650300,1,0,6037276100,64228,16.48054146,11.28254581,466500,1775,8.624533061
91,4103022009,TOC DISC,1,,1,5506 W THORNBURN ST,DIR-2019-898-TOC,547,532,16803,12,3,9,0.25,11,-471.7620427,0.008880074,90045,3192300,6669700,4650300,1,0,6037276100,64228,16.48054146,11.28254581,466500,1775,8.800366041
92,4108019029,TOC DISC,1,,1,8521 S SEPULVEDA BLVD,DIR-2017-1735-TOC-SPR-CDO,1085,938,75127,87,8,79,0.091954023,11,-2313.137226,0.010549321,90045,3192300,6669700,4650300,1,0,6037277000,132014,80.37718904,85.21816563,893600,1776,10.20565696
93,4110001004,Non-TOC Disc,,,1,6711 S SEPULVEDA BLVD,DIR-2017-4077-DB-WDI-SPR,700,518,160424,180,15,165,0.083333333,11,-2676.637981,0.010549321,90045,3192300,6669700,4650300,1,0,6037277000,132014,80.37718904,85.21816563,893600,1776,9.430072641
94,4110001005,Non-TOC Disc,,,1,6733 S SEPULVEDA BLVD,DIR-2016-1648-SPR,1305,1203,148900,176,0,176,0,11,-2659.599188,0.010549321,90045,3192300,6669700,4650300,1,0,6037277000,132014,80.37718904,85.21816563,893600,1776,9.44562926
95,4113001004,Non-TOC Disc,,,1,1 S LMU DR,DIR-2013-1330-SPP,2300,2300,100064,41,0,41,0,11,459.5082704,0.015840637,90045,3192300,6669700,4650300,1,0,6037276500,83068,62.57142857,85.04043127,796900,2456,11.23122955
96,4208007039,TOC DISC,1,,1,10424 W VENICE BLVD,DIR-2018-3021-TOC,627,487,62319,79,8,71,0.101265823,5,-2438.798179,0.008435501,90066,4282700,9314300,6683500,1,0,6037271801,59091,18.86904762,23.37228715,839200,1458,9.793709087
97,4217016001,Non-TOC BR,,,1,11500 W CULVER BLVD,,294,294,19245.56,15,0,15,0,11,2152.667522,0.010601093,90066,4282700,9314300,6683500,1,0,6037275102,42063,27.4068323,29.74169742,650400,1223,9.796097702
98,4217018032,Non-TOC Disc,,,1,11612 W CULVER BLVD,CPC-2015-4522-DB,851,851,31256,40,4,36,0.1,11,2448.679889,0.010601093,90066,4282700,9314300,6683500,1,0,6037275102,42063,27.4068323,29.74169742,650400,1223,9.861098792
99,4217018032,TOC DISC,1,,1,846 S MARIPOSA AVE,DIR-2018-2943-TOC,1070,1044,29000,38,6,32,0.157894737,10,-6351.686275,0.018130982,90005,2447400,6124200,4652500,0,1,6037275102,42063,27.4068323,29.74169742,650400,1223,9.861098792
100,4221023022,Non-TOC BR,,,1,4965 S CENTINELA AVE,,266,266,25102,25,2,23,0.08,11,520.9462964,0.014770492,90066,4282700,9314300,6683500,1,0,6037275311,86250,45.08474576,57.87700084,767300,1686,10.28392874
101,4221023034,Non-TOC Disc,,,1,4971 S CENTINELA AVE,DIR-2018-2241-WDI,341,341,26700,15,0,15,0,11,449.716741,0.014770492,90066,4282700,9314300,6683500,1,0,6037275311,86250,45.08474576,57.87700084,767300,1686,10.278901
102,4233018012,Non-TOC BR,,,1,11940 W LOUISE AVE,,478,478,15362,11,0,11,0,11,3139.736706,0.01438674,90066,4282700,9314300,6683500,1,0,6037275200,52829,21.90006169,23.45605701,635300,1288,10.23021613
103,4233020016,Non-TOC Disc,,,1,11955 W CULVER BLVD,CPC-2018-4231-DB-WDI,539,539,24356,24,3,21,0.125,11,3194.179547,0.01438674,90066,4282700,9314300,6683500,1,0,6037275200,52829,21.90006169,23.45605701,635300,1288,10.12364472
104,4233023022,Non-TOC Disc,,,1,11800 W COURTLEIGH DR,TT-77174-CN,544,542,28725,18,0,18,0,11,2723.900022,0.01438674,90066,4282700,9314300,6683500,1,0,6037275200,52829,21.90006169,23.45605701,635300,1288,10.09006485
105,4235002015,Non-TOC Disc,,,1,3827 S FRANCES AVE,DIR-2017-4384-DB,581,553,20481,18,2,16,0.111111111,11,3035.923122,0.004491336,90066,4282700,9314300,6683500,1,0,6037272201,60955,16.58075601,12.11340206,686100,1464,11.0062933
106,4235004001,Non-TOC BR,,,1,12602 W MATTESON AVE,,350,350,22260,15,0,15,0,11,3043.453941,0.004491336,90066,4282700,9314300,6683500,1,0,6037272201,60955,16.58075601,12.11340206,686100,1464,10.99032962
107,4235026016,Non-TOC Disc,,,1,3960 S GRAND VIEW BLVD,CPC-2014-491-VZC-ZAA,2110,1473,44232,50,49,1,0.98,11,2741.326205,0.016448444,90066,4282700,9314300,6683500,1,0,6037272302,50865,12.4742268,15.20581114,712500,1229,10.59224594
108,4236015022,Non-TOC BR,,,1,12807 W MATTESON AVE,,501,501,12622,10,0,10,0,11,1762.998905,0.006223232,90066,4282700,9314300,6683500,1,0,6037272202,64138,22.78325123,15.57881773,647300,1385,11.2292311
109,4236021021,Non-TOC BR,,,1,12800 W ZANJA ST,,288,288,11582,10,0,10,0,11,1878.853452,0.006223232,90066,4282700,9314300,6683500,1,0,6037272202,64138,22.78325123,15.57881773,647300,1385,11.20698488
110,4242033001,Non-TOC BR,,,1,1503 E VENICE BLVD,,319,319,19838,31,0,31,0,1,-9310.442956,0.021874994,90006,1790300,4747900,3046700,0,0,6037221110,30456,9.236569274,22.0508167,509800,925,1.960065311
111,4246027004,Non-TOC Disc,,,1,12575 W VENICE BLVD,DIR-2016-54-DB,1286,1286,43592,52,5,47,0.096153846,11,3319.970924,0.014718995,90066,4282700,9314300,6683500,1,0,6037272100,84557,63.36746303,74.11764706,907500,1626,10.96875937
112,4254024024,Non-TOC Disc,,,1,3355 S OVERLAND AVE,DIR-2017-2229-DB,861,801,30132,41,4,37,0.097560976,5,318.5329167,0.013413219,90034,4181000,9148600,6145700,1,0,6037271701,79009,25.33759773,24.74576271,807000,1649,9.307557481
113,4258009031,Non-TOC Disc,,,1,11671 W NATIONAL BLVD,EIO,447,447,36712.8,46,0,46,0,11,1967.947115,0.031242444,90064,4926800,9808300,7061500,1,0,6037271300,77941,61.6027532,69.63619403,745100,1700,10.76345848
114,4259020900,TOC DISC,1,,1,11998 W MISSOURI AVE,DIR-2018-545-TOC-WDI,640,640,85582,74,73,1,0.986486486,11,-922.3150332,0.021022575,90025,4989000,8523600,6687500,1,0,6037267600,70852,35.00404204,48.74141876,816400,1838,11.7422647
115,4260034024,Non-TOC Disc,,,1,11588 W PICO BLVD,DIR-2018-239-DB-CDO,886,886,12860,21,2,19,0.095238095,11,23.5120985,0.011040697,90064,4926800,9808300,7061500,1,0,6037271200,65931,17.95511222,15.96009975,674700,1604,11.00229005
116,4260037013,TOC DISC,1,,1,2465 S PURDUE AVE,DIR-2018-3411-TOC,813,813,19589,17,3,14,0.176470588,11,-942.0868253,0.011040697,90064,4926800,9808300,7061500,1,0,6037271200,65931,17.95511222,15.96009975,674700,1604,10.74496931
117,4261019006,Non-TOC BR,,,1,1775 S BELOIT AVE,,654,654,17934,16,0,16,0,11,-1930.15401,0.007182647,90025,4989000,8523600,6687500,1,0,6037267300,53954,9.5482068,6.707033069,634900,1439,11.06117241
118,4261020002,TOC DISC,1,,1,11272 W NEBRASKA AVE,DIR-2017-5551-TOC-WDI,419,419,19509,24,3,21,0.125,11,-1589.134655,0.042630361,90025,4989000,8523600,6687500,1,0,6037267700,80826,29.44281525,19.42522618,711800,1705,11.07457151
119,4262006030,Non-TOC Disc,,,1,1500 S GRANVILLE AVE,CPC-2016-2363-DB-SPR,821,821,173791,154,16,138,0.103896104,11,1334.030611,0.010924328,90025,4989000,8523600,6687500,1,0,6037267501,66979,15.50094518,8.097014925,632800,1563,11.77283014
120,4263011009,Non-TOC BR,,,1,1265 S BARRY AVE,,283,283,28857,18,0,18,0,11,-266.2292962,0.004612476,90025,4989000,8523600,6687500,1,0,6037267403,80156,11.0107284,2.325581395,617500,1713,11.80823784
121,4263020011,Non-TOC Disc,,,1,1450 S BARRINGTON AVE,ZA-2017-793-ZAA,567,567,27265,20,0,20,0,11,720.8090909,0.004612476,90025,4989000,8523600,6687500,1,0,6037267403,80156,11.0107284,2.325581395,617500,1713,11.72793292
122,4263023020,Non-TOC Disc,,,1,1301 S WESTGATE AVE,DIR-2014-4773-DB,1178,697,38750,27,2,25,0.074074074,11,1225.550947,0.003911441,90025,4989000,8523600,6687500,1,0,6037267404,70571,12.95336788,1.015531661,698500,2008,11.98269503
123,4263031016,Non-TOC BR,,,1,1439 S ARMACOST AVE,,318,318,28844,18,0,18,0,11,1889.216503,0.011949701,90025,4989000,8523600,6687500,1,0,6037267402,67063,15.34727409,3.489235338,624400,1611,11.95499912
124,4263033056,Non-TOC Disc,,,1,11852 W SANTA MONICA BLVD,DIR-2014-2988-DB,1351,1351,36327,39,5,34,0.128205128,11,1656.584682,0.010924328,90025,4989000,8523600,6687500,1,0,6037267501,66979,15.50094518,8.097014925,632800,1563,11.8932369
125,4263034029,Non-TOC BR,,,1,1532 S BROCKTON AVE,,495,495,41105,29,0,29,0,11,1409.024121,0.010924328,90025,4989000,8523600,6687500,1,0,6037267501,66979,15.50094518,8.097014925,632800,1563,11.9328048
126,4265008042,Non-TOC Disc,,,1,11727 W KIOWA AVE,DIR-2014-2974-DB,1957,1286,17709,13,1,12,0.076923077,11,60.3741209,0.010223829,90049,4506400,8245900,6618200,1,0,6037264301,87525,18.71267419,1.253525541,848300,1873,12.05400597
127,4265015010,Non-TOC Disc,,,1,11837 W MAYFIELD AVE,DIR-2014-4608-DB,1223,1223,41961,26,0,26,0,11,853.1762412,0.010223829,90049,4506400,8245900,6618200,1,0,6037264301,87525,18.71267419,1.253525541,848300,1873,12.20045019
128,4267034020,Non-TOC Disc,,,1,12431 W ROCHESTER AVE,DIR-2016-2432-DB,573,544,43444,50,5,45,0.1,11,2420.224319,0.011949701,90025,4989000,8523600,6687500,1,0,6037267402,67063,15.34727409,3.489235338,624400,1611,12.31194371
129,4267036009,Non-TOC Disc,,,1,1223 S WELLESLEY AVE,ZA-2017-4306-ZAA,519,519,14531,10,0,10,0,11,3362.235891,0.011949701,90025,4989000,8523600,6687500,1,0,6037267402,67063,15.34727409,3.489235338,624400,1611,12.38776949
130,4303019024,Non-TOC BR,,,1,1482 S SHERBOURNE DR,,530,530,13725,10,0,10,0,5,-2166.038284,0.00738998,90035,4754200,10192000,7509400,0,0,6037217002,71208,24.1005635,19.40298507,846200,1527,7.280360386
131,4306002008,Non-TOC Disc,,,1,1415 S REEVES ST,ZA-2017-4743-ZAD-ZAA-ZV,756,756,47088,25,0,25,0,5,-2396.508432,0.011574563,90035,4754200,10192000,7509400,0,0,6037269100,82344,34.33385993,27.40705434,960400,1899,8.243115201
132,4306003009,Non-TOC Disc,,,1,9421 W ALCOTT ST,DIR-2014-4782-DB,1812,1327,35238,23,2,21,0.086956522,5,-2252.390038,0.011574563,90035,4754200,10192000,7509400,0,0,6037269100,82344,34.33385993,27.40705434,960400,1899,8.132740079
133,4313003029,Non-TOC Disc,,,1,3672 S JASMINE AVE,DIR-2014-4696-DB,1205,913,23119.82,15,2,13,0.133333333,5,-2134.127296,0.002014012,90034,4181000,9148600,6145700,1,0,6037269906,70952,8.125819135,1.404151404,512700,1565,8.82384578
134,4313008025,Non-TOC Disc,,,1,3618 S DUNN DR,DIR-2017-825-DB,538,538,38325,29,3,26,0.103448276,5,-2643.952805,0.002014012,90034,4181000,9148600,6145700,1,0,6037269906,70952,8.125819135,1.404151404,512700,1565,8.710615091
135,4313016027,TOC DISC,1,,1,3745 S CARDIFF AVE,DIR-2017-5455-TOC,832,679,89710,74,8,66,0.108108108,5,-1424.445137,0.010733179,90034,4181000,9148600,6145700,1,0,6037270100,49888,9.856344773,2.962962963,392900,1530,8.403674512
136,4314003037,TOC BR,1,"changed to TOC BR -- has a case number, but is only associated with haul route for project",1,3737 S MOTOR AVE,ENV-2017-5062-CE,450,450,21575,30,3,27,0.1,5,-2161.479153,0.00205966,90034,4181000,9148600,6145700,1,0,6037269903,58125,3.349001175,2.645788337,637200,1441,8.91689392
137,4314004009,TOC DISC,1,,1,3766 S MOTOR AVE,DIR-2018-6691-TOC,358,325,23761,36,4,32,0.111111111,5,-2381.647241,0.00205966,90034,4181000,9148600,6145700,1,0,6037269905,59807,1.097293343,6.321022727,,1481,8.900279328
138,4314007017,Non-TOC Disc,,,1,3638 S MOTOR AVE,DIR-2016-1262-DB,1358,1358,29379,62,4,58,0.064516129,5,-1384.080679,0.002014012,90034,4181000,9148600,6145700,1,0,6037269906,70952,8.125819135,1.404151404,512700,1565,8.979027584
139,4314009030,Non-TOC Disc,,,1,3632 S KEYSTONE AVE,ENV-2018-283-CE,188,188,13460,10,0,10,0,5,-1017.556829,0.003683053,90034,4181000,9148600,6145700,1,0,6037269903,58125,3.349001175,2.645788337,637200,1441,9.118210415
140,4314010042,TOC BR,1,,1,3630 S OVERLAND AVE,,375,375,50884,74,8,66,0.108108108,5,-1017.618015,0.003683053,90034,4181000,9148600,6145700,1,0,6037269903,58125,3.349001175,2.645788337,637200,1441,9.180230608
141,4314014002,Non-TOC Disc,,,1,10325 W TABOR ST,DIR-2016-4880-DB,898,699,29709,42,4,38,0.095238095,5,-1344.294844,0.002014012,90034,4181000,9148600,6145700,1,0,6037269907,57432,10.5188344,3.701165182,485900,1363,8.958465126
142,4314018017,TOC DISC,1,,1,3408 S KEYSTONE AVE,DIR-2018-4752-TOC,351,276,38949,33,4,29,0.121212121,5,-94.64471852,0.005083337,90034,4181000,9148600,6145700,1,0,6037269904,58853,1.540683678,4.22842197,,1424,9.223558813
143,4314022036,Non-TOC Disc,,,1,3308 S MENTONE AVE,ENV-2017-4885-CE,293,293,15960,15,0,15,0,5,-266.3129377,0.005083337,90034,4181000,9148600,6145700,1,0,6037269904,58853,1.540683678,4.22842197,,1424,9.206240166
144,4315014028,Non-TOC Disc,,,1,2365 S FOX HILLS DR,DIR-2014-4758-DB,1744,1256,29217,18,2,16,0.111111111,5,857.3598995,0.007337156,90064,4926800,9808300,7061500,1,0,6037267902,113833,57.72669221,37.95077275,992000,1939,9.220050199
145,4321003035,TOC DISC,1,,1,10608 W SANTA MONICA BLVD,CPC-2017-699-DB,625,625,30283,28,3,25,0.107142857,5,-70.79184067,0.011222461,90025,4989000,8523600,6687500,1,0,6037267100,86551,45.64068692,27.38211382,925000,1744,10.13921928
146,4321008018,Non-TOC Disc,,,1,1906 S OVERLAND AVE,ENV-2016-3776-CE,570,570,28345,16,0,16,0,5,-1061.920136,0.011222461,90025,4989000,8523600,6687500,1,0,6037267100,86551,45.64068692,27.38211382,925000,1744,10.25477928
147,4321008025,Non-TOC Disc,,,1,1946 S OVERLAND AVE,ENV-2017-4051-CE,762,762,23827.42,15,0,15,0,5,-930.7012668,0.011222461,90025,4989000,8523600,6687500,1,0,6037267100,86551,45.64068692,27.38211382,925000,1744,10.22865615
148,4323006027,Non-TOC Disc,,,1,1827 S MIDVALE AVE,DIR-2014-2683-DB,1429,1164,24647,12,2,10,0.166666667,5,-3012.163652,0.012581206,90025,4989000,8523600,6687500,1,0,6037267200,80958,40.73268045,23.53528628,714700,2008,10.57875061
149,4323013044,Non-TOC BR,,,1,1835 S GREENFIELD AVE,,544,544,27562,16,0,16,0,5,-3366.155565,0.012581206,90025,4989000,8523600,6687500,1,0,6037267200,80958,40.73268045,23.53528628,714700,2008,10.74711289
150,4324007017,Non-TOC Disc,,,1,1361 S KELTON AVE,DIR-2017-2639-DRB-SPP-SPPA,623,623,17018,15,0,15,0,5,-2765.780719,0.019046756,90024,6558200,11891900,9648300,1,0,6037265510,42356,11.10630942,1.770623742,459500,1930,10.9639672
151,4325023018,Non-TOC Disc,,,1,1751 S MALCOLM AVE,DIR-2017-342-DRB-SPP,849,849,26423,18,0,18,0,5,-2006.81203,0.01340499,90024,6558200,11891900,9648300,1,0,6037265520,92168,36.90422152,13.87163561,745700,2281,10.47933737
152,4332017014,Non-TOC Disc,,,1,1021 S SHENANDOAH ST,DIR-2014-4728-DB,1370,1370,36173,21,2,19,0.095238095,5,-1450.897263,0.005957691,90035,4754200,10192000,7509400,0,0,6037216401,53704,11.60626836,0.748568912,642000,1606,7.403203894
153,4332018035,Non-TOC Disc,,,1,1123 S SHENANDOAH ST,TT-73626-CN,826,786,24547,15,0,15,0,5,-4009.798224,0.005957691,90035,4754200,10192000,7509400,0,0,6037216401,53704,11.60626836,0.748568912,642000,1606,7.394467248
154,4332019021,Non-TOC BR,,,1,1101 S BEDFORD DR,,405,405,11138,10,0,10,0,5,-1107.902614,0.015583594,90035,4754200,10192000,7509400,1,0,6037269000,123814,53.75647668,52.7016129,1711700,2517,8.715269928
155,4332022040,Non-TOC Disc,,,1,1226 S BEDFORD ST,DIR-2014-4864-DB,1163,1002,26072,20,2,18,0.1,5,-3641.431362,0.005957691,90035,4754200,10192000,7509400,0,0,6037216401,53704,11.60626836,0.748568912,642000,1606,7.332663037
156,4332025027,Non-TOC Disc,,,1,1051 S CORNING ST,DIR-2014-4771-DB,1151,1151,28796,19,2,17,0.105263158,5,-4387.59518,0.005957691,90035,4754200,10192000,7509400,0,0,6037216401,53704,11.60626836,0.748568912,642000,1606,7.16465812
157,4334015010,Non-TOC Disc,,,1,411 S HAMEL ROAD,VTT-82420-CN,300,300,78003,38,0,38,0,5,-2812.490279,0.004488417,90048,6388000,12691600,9842100,0,0,6037214902,75250,15.67301782,6.818181818,868800,2058,7.555104509
158,4334015037,TOC DISC,1,,1,428 S ROBERTSON BLVD,DIR-2017-4736-TOC,239,239,29821,30,3,27,0.1,5,-2165.277165,0.004488417,90048,6388000,12691600,9842100,0,0,6037214902,75250,15.67301782,6.818181818,868800,2058,7.662041361
159,4334016030,Non-TOC Disc,,,1,8555 W COLGATE AVE,DIR-2014-4923-DB,1128,1128,13865,10,1,9,0.1,5,-3789.656736,0.004488417,90048,6388000,12691600,9842100,0,0,6037214902,75250,15.67301782,6.818181818,868800,2058,7.358337037
160,4363005019,Non-TOC Disc,,,1,10923 W STRATHMORE DR,DIR-2016-3573-DRB-SPP,843,843,50154,21,0,21,0,5,-1318.52907,0.023065987,90024,6558200,11891900,9648300,1,0,6037265304,17250,0.742311771,8.211143695,,1512,11.35083705
161,4368015003,Non-TOC Disc,,,1,862 N MORAGA DR,DIR-2014-4936-CLQ,1665,1665,16539,13,0,13,0,5,5715.863859,0.016148574,90049,4506400,8245900,6618200,0,0,6037262200,193877,76.36063771,82.17871486,2000001,2029,12.53041188
162,4401024026,Non-TOC Disc,,,1,11620 W CHENAULT ST,DIR-2016-4160-DB,960,960,33146,22,3,19,0.136363636,11,787.7810153,0.004253319,90049,4506400,8245900,6618200,1,0,6037264103,86944,26.30522088,4.92211838,820400,1895,12.24692047
163,4401029011,Non-TOC Disc,,,1,11600 W DUNSTAN WAY,ENV-2016-457-MND,1886,1886,96412,54,0,54,0,11,1532.199672,0.00521231,90049,4506400,8245900,6618200,1,0,6037264102,95242,31.5483871,8.310094813,629700,2142,12.3523279
164,5006008026,Non-TOC Disc,,,1,5414 S CRENSHAW BLVD,DIR-2017-298-DB-SPR-SPP,413,393,52001,70,12,58,0.171428571,8,-1844.130691,0.013305183,90043,1437100,4140200,2489700,1,1,6037234600,36625,57.8334304,73.34070796,389800,993,5.885035614
165,5016014002,TOC DISC,1,,1,4604 S WESTERN AVE,DIR-2018-5204-TOC ,547,547,35045,49,49,0,1,8,-2400.285984,0.010484539,90062,1102100,3971700,2187000,1,1,6037232400,35266,45.26315789,75.69778633,309200,1069,4.544946113
166,5019026009,Non-TOC Disc,,,1,4050 S FIGUEROA ST,DIR-2017-2097-DB,511,411,39302,57,14,43,0.245614035,9,-4367.407303,0.018028503,90037,794200,3313000,1846000,1,1,6037231720,29773,16.51612903,30.76923077,268400,1037,3.15546364
167,5020017007,TOC BR,1,changed to TOC BR,1,"1130 W MARTIN LUTHER KING, JR BLVD",,202,202,13900,29,28,1,0.965517241,9,-6724.318413,0.009882418,90037,794200,3313000,1846000,1,0,6037231600,35731,23.55940847,54.6275395,311100,1006,3.530032029
168,5020025014,Non-TOC BR,,,1,4318 S KANSAS AVE,,777,777,23322,22,0,22,0,9,-6948.563348,0.009882418,90037,794200,3313000,1846000,1,0,6037231600,35731,23.55940847,54.6275395,311100,1006,3.797312587
169,5021028002,TOC BR,1,changed to TOC BR,1,4209 S WESTERN AVE,,173,173,14109.82,25,24,1,0.96,8,-2297.283587,0.014574979,90062,1102100,3971700,2187000,1,0,6037231500,46413,52.00276243,75.677462,301900,1138,4.300177191
170,5024017008,TOC DISC,1,,1,4252 S CRENSHAW BLVD,DIR-2018-1393-TOC-DRB-SPP-SPR,359,359,45298,111,28,83,0.252252252,10,-2332.005182,0.013272368,90008,1333600,3898800,2466000,1,1,6037234300,34718,20.88870432,21.75438596,453800,1117,5.501903396
171,5032004901,Non-TOC Disc,,,1,4018 S BUCKINGHAM ROAD,DIR-2018-2750-DRB-SPP-SPR,221,221,75955,103,103,0,1,10,-1174.799774,0.016238871,90008,1333600,3898800,2466000,1,1,6037236100,21899,13.49777321,13.72229465,329600,982,5.660099329
172,5037007022,TOC BR,1,,1,1249 W 39TH PL,,450,450,39597,42,5,37,0.119047619,8,-5404.09209,0.023868333,90037,794200,3313000,1846000,1,0,6037231210,25958,21.37271937,41.50165017,290400,971,3.535250751
173,5040018006,Non-TOC BR,,,1,1196 W 35TH ST,,544,544,24841,15,0,15,0,8,-6694.394922,0.013618583,90007,,,,1,0,6037222600,26188,15.35626536,47.75374376,438200,1115,2.918403624
174,5043002016,Non-TOC BR,,,1,5335 W ADAMS BLVD,,326,326,44992,42,0,42,0,10,-73.01523885,0.012170807,90016,1483600,4654500,2810000,0,1,6037219901,28846,30.09708738,38.0078637,369400,1044,6.203891586
175,5044011026,Non-TOC BR,,,1,2927 W EXPOSITION PL,,430,430,21734,12,0,12,0,10,-463.0784511,0.02903703,90018,1326800,4549700,2727800,1,0,6037234200,52794,61.22082585,76.79932261,488500,1198,4.711931824
176,5046015026,TOC BR,1,,1,3524 S CHESAPEAKE AVE,,503,503,22935,27,3,24,0.111111111,10,-2305.935636,0.041169194,90016,1483600,4654500,2810000,1,0,6037219500,57236,75.5186722,73.13054499,441600,1081,5.572779904
177,5046015030,Non-TOC BR,,,1,3500 S CHESAPEAKE AVE,,531,531,20449,19,3,16,0.157894737,10,-2478.857561,0.041169194,90016,1483600,4654500,2810000,1,0,6037219500,57236,75.5186722,73.13054499,441600,1081,5.562561675
178,5049014009,TOC BR,1,,1,2602 S ORANGE DR,,301,301,20437,25,3,22,0.12,10,-1872.022892,0.011251499,90016,1483600,4654500,2810000,0,1,6037219800,29375,25.73099415,50.14137606,349300,1012,5.870142505
179,5054028018,Non-TOC Disc,,,1,2600 S CATALINA ST,DIR-2016-712-CCMP,1390,1390,17029,15,0,15,0,8,-6872.098589,0.031848176,90007,,,,1,0,6037221810,14063,8.371040724,28.73096447,457100,1050,2.607054071
180,5068018013,Non-TOC Disc,,,1,1556 S HI POINT ST,DIR-2016-1368-DB,778,483,57854,45,4,41,0.088888889,10,-1389.623898,0.017101678,90035,4754200,10192000,7509400,0,0,6037216700,69593,39.72431078,34.90725126,711700,1618,6.682965797
181,5069019026,TOC BR,1,,1,5550 W PICO BLVD,,412,412,31218.32,40,4,36,0.1,10,-403.0529276,0.012547445,90019,2809800,6628300,4492900,0,1,6037216900,52262,41.25305126,40.14251781,729400,1412,6.117959498
182,5070017001,TOC BR,1,"changed to TOC BR -- started date for permit pre-dates the TOC program, so the approvaltime should be shorter than 940 days",1,5050 W PICO BLVD,,940,940,55715,79,8,71,0.101265823,10,-1699.509975,0.016211371,90019,2809800,6628300,4492900,0,1,6037217200,52426,17.10199005,23.23529412,795600,1308,5.442584142
183,5072017012,TOC DISC,1,,1,3617 W VENICE BLVD,DIR-2019-3912-TOC,364,364,24469,28,3,25,0.107142857,10,-1198.771851,0.020201974,90019,2809800,6628300,4492900,0,1,6037218110,41587,33.19185059,37.86488741,610400,1134,4.077714996
184,5073009012,TOC BR,1,,1,1540 S ST ANDREWS PL,,505,505,40052,38,4,34,0.105263158,10,-1802.045419,0.005153604,90019,2809800,6628300,4492900,0,0,6037221303,28125,10.67708333,15.50868486,500000,920,3.373680731
185,5073018902,Non-TOC Disc,,,1,1856 S WILTON PL,DIR-2017-5395-SPR-TOC,510,510,70918,64,62,2,0.96875,10,-985.4256814,0.014132718,90019,2809800,6628300,4492900,0,1,6037221302,35148,7.736804049,12.98517996,427900,1090,3.572044052
186,5075029012,TOC BR,1,,1,1950 S NORMANDIE AVE,,625,625,10107,13,3,10,0.230769231,1,-4994.048638,0.009197186,90007,,,,0,0,6037221602,25625,6.912442396,37.78026906,360000,1028,2.798092103
187,5076006007,TOC DISC,1,,1,971 S HOOVER ST,DIR-2018-1122-TOC-WDI,1160,1092,25061,39,4,35,0.102564103,1,-9461.48566,0.025617246,90006,1790300,4747900,3046700,0,1,6037213401,31419,2.636103152,3.488372093,448500,1061,1.820172959
188,5076006025,Non-TOC Disc,,,1,2600 W SAN MARINO ST,CPC-2014-3004-DB,1295,1203,21333,31,4,27,0.129032258,1,-8758.99426,0.01136239,90006,1790300,4747900,3046700,0,1,6037213401,31419,2.636103152,3.488372093,448500,1061,1.855243334
189,5076018023,Non-TOC Disc,,,1,1255 S ELDEN AVE,DIR-2015-805-DB-SPR,1393,1229,100845,93,92,1,0.989247312,1,-9023.61427,0.01360096,90006,1790300,4747900,3046700,0,0,6037213402,33398,4.394141145,2.927669346,683800,999,1.992533566
190,5077015012,Non-TOC Disc,,,1,2847 W LEEWARD AVE,VTT-82230-CN,547,475,55562,46,0,46,0,1,-7493.822117,0.019288743,90005,2447400,6124200,4652500,0,0,6037212204,25104,3.990422985,3.286034354,358300,792,1.986695744
191,5077016027,TOC DISC,1,,1,2968 W 7TH ST,DIR-2018-5945-TOC-SPR,341,341,200279,228,23,205,0.100877193,10,-620.8019844,0.032158565,90018,1326800,4549700,2727800,1,0,6037219010,49583,53.01775148,82.42491657,363500,1282,4.354046688
192,5077029020,TOC DISC,1,,1,2880 W JAMES M. WOOD BLVD,DIR-2018-309-TOC-SPR,533,503,168405,193,20,173,0.103626943,1,-9036.095749,0.016319731,90006,1790300,4747900,3046700,0,1,6037212202,34375,2.315963606,2.797202797,,834,2.245789619
193,5078003003,Non-TOC Disc,,,1,955 S FEDORA ST,DIR-2015-1168-DB,1445,1445,46940,60,6,54,0.1,10,-6192.884665,0.022978426,90006,1790300,4747900,3046700,0,1,6037213310,36753,8.83882149,14.09727947,467700,1163,2.606091333
194,5078004019,TOC DISC,1,,1,970 S FEDORA ST,DIR-2019-1113-TOC,360,214,36971,45,5,40,0.111111111,10,-6149.135942,0.022978426,90006,1790300,4747900,3046700,0,1,6037213310,36753,8.83882149,14.09727947,467700,1163,2.600235446
195,5078005018,TOC DISC,1,,1,966 S KENMORE AVE,DIR-2017-3720-TOC,555,470,38710,50,4,46,0.08,10,-6467.265869,0.022978426,90006,1790300,4747900,3046700,0,1,6037213310,36753,8.83882149,14.09727947,467700,1163,2.542530105
196,5078007024,Non-TOC Disc,,,1,954 S CATALINA ST,DIR-2015-4172-DB,1545,1343,11233,19,3,16,0.157894737,10,-7108.685871,0.023241355,90006,1790300,4747900,3046700,0,1,6037213320,28523,6.022845275,15.40697674,638900,873,2.427181183
197,5080012006,Non-TOC Disc,,,1,3057 W PICO BLVD,CPC-2016-1603-ZC-HD,950,950,62365,51,0,51,0,10,-2946.960817,0.019610459,90006,1790300,4747900,3046700,0,0,6037213202,33800,16.28264209,27.29241877,555100,1022,3.157682754
198,5080016008,Non-TOC Disc,,,1,944 S SERRANO AVE,ZA-2017-1390-ZAA,757,757,62872,32,0,32,0,10,-3882.406523,0.020678471,90006,1790300,4747900,3046700,0,1,6037213201,29052,7.661822985,10.88807786,384100,1053,3.086869033
199,5080021013,TOC DISC,1,,1,3050 W 11TH ST,DIR-2017-5540-TOC,1281,1281,57249,39,5,34,0.128205128,10,-795.8599238,0.020299981,90018,1326800,4549700,2727800,1,0,6037219300,29980,25.66371681,51.64041995,395600,1045,4.617579702
200,5083031002,TOC DISC,1,,1,1251 S WEST BLVD,DIR-2018-2029-TOC,625,599,19421,20,3,17,0.15,10,-1705.038327,0.016687637,90019,2809800,6628300,4492900,0,0,6037212800,45995,37.88187373,48.7658439,733400,1130,4.603262331
201,5084003006,TOC BR,1,,1,838 S LA BREA AVE,,472,472,39280,53,6,47,0.113207547,4,-2463.850174,0.011800296,90036,5382600,11178400,8733600,0,0,6037216200,81452,20.27736132,19.17241379,961800,1771,5.333633623
202,5084021017,TOC BR,1,changed to TOC BR -- case number was for previous DB project,1,1180 S LA BREA AVE,,703,703,60009,67,9,58,0.134328358,10,-2060.277304,0.0264295,90019,2809800,6628300,4492900,0,0,6037216100,96552,54.90566038,63.87208297,929600,1583,5.208577121
203,5085015032,Non-TOC Disc,,,1,1233 S DUNSMUIR AVE,DIR-2020-3399-TOC-HCA,546,546,14878,14,0,14,0,10,-128.7252322,0.010398681,90019,2809800,6628300,4492900,0,0,6037217100,62414,31.74265019,30.63696757,747200,1281,5.70211109
204,5086004008,Non-TOC Disc,,,1,1323 S ORANGE GROVE AVE,DIR-2016-295-DB,868,720,105785,61,5,56,0.081967213,10,-2307.644739,0.012547445,90019,2809800,6628300,4492900,0,0,6037216900,52262,41.25305126,40.14251781,729400,1412,6.439896259
205,5086004010,TOC DISC,1,,1,1319 S ORANGE GROVE AVE,DIR-2018-4682-TOC ,457,457,40575,33,4,29,0.121212121,10,-2308.511971,0.012547445,90019,2809800,6628300,4492900,0,0,6037216900,52262,41.25305126,40.14251781,729400,1412,6.438376888
206,5086015030,TOC BR,1,,1,5801 W PICO BLVD,,819,819,54675,80,8,72,0.1,10,-2143.8047,0.012547445,90019,2809800,6628300,4492900,0,1,6037216900,52262,41.25305126,40.14251781,729400,1412,6.405649052
207,5086026017,Non-TOC Disc,,,1,1127 S SPAULDING AVE,DIR-2016-1710-DB,695,695,14511,13,1,12,0.076923077,10,-2054.336034,0.012547445,90019,2809800,6628300,4492900,0,0,6037216900,52262,41.25305126,40.14251781,729400,1412,6.175832054
208,5087016030,Non-TOC Disc,,,1,1265 S STEARNS DR,DIR-2016-1399-DB,1064,1003,44900,48,5,43,0.104166667,5,-2656.978576,0.015477009,90035,4754200,10192000,7509400,0,0,6037216800,82063,38.66481224,35.89093215,1076900,1878,6.752207244
209,5092023003,TOC BR,1,,1,925 S ST ANDREWS PL,,438,438,20981,23,23,0,1,4,-2872.840339,0.015188801,90019,2809800,6628300,4492900,0,0,6037212620,33867,5.117270789,7.981220657,726400,1089,3.368781855
210,5092028004,TOC BR,1,,1,723 S ST ANDREWS PL,,691,691,38090,65,7,58,0.107692308,4,-4054.687039,0.015641032,90005,2447400,6124200,4652500,0,0,6037212610,36056,17.22252597,7.764952781,751400,1118,3.421161209
211,5093016024,TOC DISC,1,,1,919 S HARVARD BLVD,DIR-2018-4999-TOC,630,583,18595,24,3,21,0.125,10,-4619.48554,0.024480463,90006,1790300,4747900,3046700,0,1,6037212501,36108,3.232125367,0.872093023,,1057,2.974195546
212,5093022011,Non-TOC Disc,,,1,800 S HARVARD BLVD,DIR-2014-4870-DB-SPR,1259,1259,138169,131,11,120,0.083969466,10,-5080.19153,0.024480463,90005,2447400,6124200,4652500,0,1,6037212420,35208,6.32805995,4.927975739,674200,1063,3.002341134
213,5093025005,Non-TOC Disc,,,1,750 S KINGSLEY DR,DIR-2016-3657-DB,959,835,53909,68,6,62,0.088235294,10,-5590.345527,0.013559755,90005,2447400,6124200,4652500,0,1,6037212410,37712,2.789076119,1.419213974,,1247,2.959194343
214,5094006004,Non-TOC Disc,,,1,744 S MARIPOSA AVE,ZA-2017-2285-ZAA-ZV,929,802,24655,31,0,31,0,10,-6666.257503,0.030661422,90005,2447400,6124200,4652500,0,1,6037212304,26005,0.611995104,1.25,,857,2.716074965
215,5094007002,Non-TOC Disc,,,1,689 S CATALINA ST,ZA-2017-4204-ZAA-SPR,805,736,56324,61,0,61,0,10,-7485.385817,0.017682693,90005,2447400,6124200,4652500,0,1,6037212304,26005,0.611995104,1.25,,857,2.566455575
216,5094009011,Non-TOC BR,,,1,707 S BERENDO ST,,492,492,19470,21,0,21,0,10,-8308.275621,0.017682693,90005,2447400,6124200,4652500,0,1,6037212303,29038,0,0,,823,2.482030621
217,5094017005,TOC DISC,1,"This must be a discretionary project based on number of units, but the case number corresponds to a previous 98-unit development --there is no newer case number for the 101 unit project",1,832 S MARIPOSA AVE,VTT-78212-CN,778,778,95990,101,13,88,0.128712871,10,-6386.42539,0.018130982,90005,2447400,6124200,4652500,0,1,6037212305,32941,3.703703704,6.570657066,531300,900,2.69028822
218,5094017017,TOC DISC,1,Same as 832 S Mariposa -- same developer. They appear to have planned condominiums but changed to use the TOC program: https://urbanize.city/la/post/cgi-plans-another-multifamily-project-koreatown,1,839 S FEDORA ST,VTT-78211-CN,795,795,79057,81,9,72,0.111111111,10,-6696.020217,0.018130982,90005,2447400,6124200,4652500,0,1,6037212305,32941,3.703703704,6.570657066,531300,900,2.631047126
219,5094023039,Non-TOC Disc,,,1,900 S KENMORE AVE,ZA-2016-4197-ZAA,874,874,40944,29,0,29,0,10,-6803.040792,0.019415412,90006,1790300,4747900,3046700,0,1,6037212306,32144,5.897658283,2.791068581,443300,1144,2.549503544
220,5094024006,Non-TOC BR,,,1,917 S BERENDO ST,,394,394,12192,10,0,10,0,10,-7420.811342,0.019415412,90006,1790300,4747900,3046700,0,1,6037212306,32144,5.897658283,2.791068581,443300,1144,2.408375477
221,5094024015,TOC DISC,1,,1,924 S CATALINA ST,DIR-2018-3005-TOC,421,421,22388,30,6,24,0.2,10,-7032.495924,0.019415412,90006,1790300,4747900,3046700,0,1,6037212306,32144,5.897658283,2.791068581,443300,1144,2.475005032
222,5094025017,Non-TOC BR,,,1,928 S BERENDO ST,,728,728,25647,27,0,27,0,10,-7387.865806,0.019415412,90006,1790300,4747900,3046700,0,1,6037212306,32144,5.897658283,2.791068581,443300,1144,2.4029392
223,5094026002,TOC BR,1,,1,905 S VERMONT AVE,,397,397,53760,67,7,60,0.104477612,10,-9159.784608,0.016319731,90006,1790300,4747900,3046700,0,1,6037212306,32144,5.897658283,2.791068581,443300,1144,2.273653996
224,5108009027,TOC BR,1,,1,4800 S AVALON BLVD,,261,261,31055,33,3,30,0.090909091,9,-5008.551647,0.015989825,90011,726900,2983500,1724400,1,1,6037229200,25598,30.66666667,57.06851691,319600,816,3.434372321
225,5114014006,Non-TOC Disc,,,1,1044 E JEFFERSON BLVD,DIR-2016-848-DB-SPR,1013,1013,87253,75,73,2,0.973333333,9,-1580.152301,0.017921735,90011,726900,2983500,1724400,1,1,6037228310,34795,29.38295788,66.73076923,270800,1014,2.512530042
226,5123020010,Non-TOC Disc,,,1,505 W 31ST ST,CPC-2017-111-DB-CU-SPR,854,670,80963,73,8,65,0.109589041,9,-2907.142208,0.020861624,90007,,,,1,1,6037224700,10042,0.924024641,12.19946572,,1526,2.213786973
227,5124034005,TOC DISC,1,,1,1928 S ESTRELLA AVE,DIR-2019-2966-SPR,301,267,51909,93,93,0,1,1,-6123.818867,0.029983998,90007,,,,1,0,6037224420,22563,7.503410641,18,654400,785,1.608350632
228,5134025015,Non-TOC Disc,,,1,215 W 14TH ST,ZA-2016-15-SPR-ZV-TDR,1372,1343,148558,154,0,154,0,14,-7055.668625,0.028833931,90015,,,,0,1,6037224010,19976,0,0,,704,1.043269552
229,5141019007,TOC BR,1,,1,740 S ALVARADO ST,,315,315,41098,80,9,71,0.1125,1,-8376.050573,0.018062369,90057,,,,0,1,6037209402,25530,0.589721988,3.117692907,,808,1.48139314
230,5142001013,TOC BR,1,,1,602 S WESTLAKE AVE,,541,541,49878,63,7,56,0.111111111,1,-7639.343981,0.025679968,90057,,,,0,1,6037208902,31175,0,2.387640449,,929,1.3881695
231,5142023013,TOC BR,1,,1,1532 W CAMBRIA ST,,127,127,31929,57,56,1,0.98245614,1,-9886.094085,0.015216232,90017,,,,0,1,6037209300,25191,2.318392581,4.751232631,442300,937,1.046868275
232,5147029048,Non-TOC Disc,,,1,660 S STANFORD AVE,CPC-2017-849-GPAJ-VZCJ-HD-SPR,1019,1019,48377,82,81,1,0.987804878,14,-3345.445332,0.024261505,90021,,,,0,1,6037206300,10419,0.648035642,3.093922652,,299,0.792908195
233,5148024026,Non-TOC Disc,,,1,401 E 7TH ST,DIR-2017-5445-SPR,344,344,53199,99,98,1,0.98989899,14,-6697.479921,0.053786311,90014,,,,0,1,6037207710,69271,13.15010571,1.780626781,631400,2023,0.194957582
234,5148025024,Non-TOC Disc,,,1,519 E 7TH ST,DIR-2017-2333-SPR,476,476,43690,81,80,1,0.987654321,14,-7135.327194,0.053786311,90014,,,,0,1,6037207710,69271,13.15010571,1.780626781,631400,2023,0.19932672
235,5153010011,Non-TOC Disc,,,1,264 S UNION AVE,ENV-2018-4377-CE,545,545,11254,12,0,12,0,13,-7100.184851,0.003218445,90026,2862800,6429700,4288600,0,1,6037208301,40347,4.570383912,10.97122302,776800,1061,1.237481705
236,5153024027,Non-TOC Disc,,,1,459 S HARTFORD AVE,DIR-2016-3396-SPP,820,747,58462,101,100,1,0.99009901,1,-7239.145829,0.0072121,90017,,,,1,0,6037209103,24825,1.379310345,6.137184116,,818,0.838768374
237,5154006010,TOC BR,1,,1,166 S ALVARADO ST,,430,430,48735,84,83,1,0.988095238,13,-5585.169847,0.009107105,90057,,,,0,0,6037208401,25577,2.56232687,6.621621622,408300,854,1.552239762
238,5155025900,Non-TOC Disc,,,1,252 S RAMPART BLVD,DIR-2016-236-DB,758,706,14706,23,23,0,1,13,-4339.403097,0.015394013,90057,,,,0,0,6037208620,36765,8.193779904,8.305830583,475000,1116,1.935716158
239,5156003004,TOC DISC,1,,1,252 N HOOVER ST,DIR-2018-3274-TOC,545,135,23964,39,4,35,0.102564103,13,-1708.036932,0.013204273,90004,3657400,7465700,5780300,0,0,6037208610,39216,15.14522822,18.52323361,322100,1134,2.550487359
240,5156016002,TOC DISC,1,,1,2812 W TEMPLE ST,ENV-2018-6563-CE,322,322,28832,42,4,38,0.095238095,13,-1821.668803,0.013204273,90026,2862800,6429700,4288600,0,0,6037208610,39216,15.14522822,18.52323361,322100,1134,2.262353393
241,5156016017,Non-TOC BR,,,1,2829 W HYANS ST,,1080,1080,14327.02,11,0,11,0,13,-2058.252887,0.013204273,90026,2862800,6429700,4288600,0,0,6037208610,39216,15.14522822,18.52323361,322100,1134,2.247864633
242,5157020021,TOC DISC,1,,1,226 N LAKE ST,DIR-2017-4561-TOC,407,407,25514,36,5,31,0.138888889,13,-4478.288251,0.004356463,90026,2862800,6429700,4288600,0,0,6037208501,57500,10.78680203,20.2420242,373100,1141,1.714247092
243,5160009001,Non-TOC Disc,,,1,340 N PATTON ST,DIR-2015-3354-SPP-SPPA,993,991,39347,44,0,44,0,1,-3629.810855,0.0200581,90026,2862800,6429700,4288600,1,0,6037208000,38152,4.945968412,16.12,289900,1165,1.252675142
244,5160009004,Non-TOC Disc,,,1,330 N PATTON ST,DIR-2015-1803-SPP-DB,1767,1650,27756,32,3,29,0.09375,1,-3662.817556,0.0200581,90026,2862800,6429700,4288600,1,0,6037208000,38152,4.945968412,16.12,289900,1165,1.247590291
245,5160011007,TOC DISC,1,,1,1363 W COLTON ST,DIR-2018-2653-TOC-SPP ,290,290,35760,47,4,43,0.085106383,1,-4165.931748,0.0200581,90026,2862800,6429700,4288600,1,0,6037208000,38152,4.945968412,16.12,289900,1165,1.084777753
246,5160013039,Non-TOC Disc,,,1,1349 W 1ST ST,APCC-2015-1040-SPE-SPP,1256,1063,89779,102,0,102,0,1,-4900.712114,0.0200581,90026,2862800,6429700,4288600,1,0,6037208000,38152,4.945968412,16.12,289900,1165,0.931182473
247,5160019014,Non-TOC Disc,,,1,1250 W COURT ST,DIR-2017-1127-SPP-WDI,599,513,44171,54,0,54,0,1,-3767.265491,0.0200581,90026,2862800,6429700,4288600,1,0,6037208000,38152,4.945968412,16.12,289900,1165,1.053999017
248,5160025001,Non-TOC Disc,,,1,1100 W TEMPLE ST,DIR-2017-2574-DB-WDI-SPPA-SPP,798,767,46437,54,5,49,0.092592593,1,-2786.69628,0.0200581,90012,,,,1,0,6037208000,38152,4.945968412,16.12,289900,1165,1.023474312
249,5161016029,Non-TOC Disc,,,1,118 S ASTRONAUT ELLISON S ONIZUKA ST,VTT-82168-CN,1009,1009,78199,77,0,77,0,14,-4034.562973,0.041038724,90012,,,,0,1,6037206200,19968,16.20947631,2.075645756,384000,492,0.652926721
250,5174024011,TOC DISC,1,,1,1612 E PLEASANT AVE,DIR-2018-2589-TOC,539,506,14888,15,3,12,0.2,14,-2768.940412,0.062239347,90033,1048600,3540200,2193300,0,0,6037206032,31336,18.44838119,29.52326249,353100,834,1.864934564
251,5177021003,TOC BR,1,,1,2450 E HOUSTON ST,,724,724,5475,10,2,8,0.2,14,-2605.547687,0.023923749,90033,1048600,3540200,2193300,0,0,6037203710,36037,21.69117647,64.91646778,299300,1043,2.814644745
252,5180002013,Non-TOC Disc,,,1,2423 E 1ST ST,DIR-2019-6484-TOC,445,445,27463,29,0,29,0,14,-2559.34084,0.022362301,90033,1048600,3540200,2193300,0,1,6037204200,28203,10.34858388,52.0854527,296400,930,2.51985697
253,5180008011,TOC BR,1,,1,325 N FICKETT ST,,322,322,13964,22,21,1,0.954545455,14,-1357.871204,0.022362301,90033,1048600,3540200,2193300,0,0,6037204200,28203,10.34858388,52.0854527,296400,930,2.717913037
254,5202001011,Non-TOC Disc,,,1,2201 E TROJAN WAY,CPC-2018-898-ZAD-SPR,354,354,102757,95,0,95,0,14,-3309.738412,0.194883754,90033,1048600,3540200,2193300,0,1,6037203300,31118,15.35087719,37.06140351,370600,1043,3.144027922
255,5214001002,Non-TOC Disc,,,1,4208 E HUNTINGTON DR,CPC-2017-507-CU-DB-ZV,821,566,74940,85,83,2,0.976470588,14,-781.9081441,0.02234548,90032,1362200,3696200,2470800,0,0,6037199110,52708,54.92371706,85.04551365,356900,1171,3.987803828
256,5312008017,Non-TOC BR,,,1,5933 N MONTEREY ROAD,,251,251,22273,13,0,13,0,14,116.6677017,0.003887728,90042,2173400,5109500,3580800,0,0,6037183702,52077,52.19012116,58.63277826,415300,1340,5.517954808
257,5401013010,TOC DISC,1,,1,505 N SILVER LAKE BLVD,DIR-2017-804-TOC,1207,910,55762,55,5,50,0.090909091,13,-370.4933464,0.024380277,90026,2862800,6429700,4288600,0,0,6037195802,42991,17.32620321,40.80808081,617200,1101,2.549155626
258,5402008025,Non-TOC BR,,,1,2828 W LONDON ST,,594,594,15568,16,0,16,0,13,-1394.67641,0.024380277,90026,2862800,6429700,4288600,0,0,6037195802,42991,17.32620321,40.80808081,617200,1101,2.2956925
259,5404004013,TOC DISC,1,,1,916 N ALVARADO ST,DIR-2018-7374-TOC,410,410,11559,27,3,24,0.111111111,13,-3904.553842,0.019221971,90026,2862800,6429700,4288600,0,0,6037195720,41875,16.58986175,31.99152542,510400,1017,2.0054009
260,5404008010,Non-TOC Disc,,,1,706 N ALVARADO ST,DIR-2015-3518-DB,1124,1000,22721,34,4,30,0.117647059,13,-4556.838924,0.019221971,90026,2862800,6429700,4288600,0,0,6037195720,41875,16.58986175,31.99152542,510400,1017,1.905372201
261,5404018010,Non-TOC Disc,,,1,1111 N ECHO PARK AVE,DIR-2017-1824-CDO,728,728,12454,11,0,11,0,1,-2677.083809,0.018002264,90026,2862800,6429700,4288600,0,0,6037197500,61532,19.73766396,36.51452282,834400,1386,1.854969654
262,5406014035,Non-TOC Disc,,,1,1301 W SUNSET BLVD,DIR-2016-2423-DB,649,577,32515,45,4,41,0.088888889,1,-527.2535709,0.022095075,90026,2862800,6429700,4288600,0,0,6037197700,31110,15.57951482,19.65376782,409700,1119,1.588721728
263,5407007001,Non-TOC Disc,,,1,708 S NEW DEPOT ST,DIR-2017-2462-DB,776,776,25668,33,3,30,0.090909091,1,-1985.253885,0.006429663,90012,,,,0,1,6037207103,23603,6.088992974,8.803611738,470000,941,1.302816422
264,5407007007,Non-TOC Disc,,,1,849 N BUNKER HILL AVE,DIR-2016-571-DB,718,619,32375,37,2,35,0.054054054,1,-2152.109997,0.006429663,90012,,,,0,1,6037207103,23603,6.088992974,8.803611738,470000,941,1.283717202
265,5419009021,Non-TOC BR,,,1,1605 W GRAFTON ST,,758,758,20986,35,0,35,0,13,-1515.225809,0.018157087,90026,2862800,6429700,4288600,0,0,6037197420,45893,31.63035312,52.80898876,598700,1111,2.224300321
266,5420022023,Non-TOC Disc,,,0,1901 N ECHO PARK AVE,ENV-2010-111-MND,3018,3018,11546,13,0,13,0,13,772.7358945,0.013902578,90026,2862800,6429700,4288600,0,0,6037197410,92132,49.88009592,75.31003382,669000,1672,2.604578275
267,5423005003,Non-TOC Disc,,,1,1750 N GLENDALE BLVD,CPC-2015-3674-DB-SPR-ZAI,995,995,61266,70,8,62,0.114285714,13,-206.2582571,0.018157087,90026,2862800,6429700,4288600,0,0,6037197420,45893,31.63035312,52.80898876,598700,1111,2.691065466
268,5434017005,Non-TOC Disc,,,1,3160 W RIVERSIDE DR,DIR-2016-1106-CLQ,817,817,61963,65,0,65,0,4,1999.586707,0.005659266,90027,3676900,8415400,5715900,0,0,6037188201,65264,18.4309511,21.44970414,727400,1525,4.588822806
269,5442010027,Non-TOC Disc,,,1,1901 W BLAKE AVE,CPC-2017-2406-DB,677,677,50612,52,5,47,0.096153846,13,6508.434635,0.022519349,90039,3094300,6657000,4537700,0,0,6037187200,45066,37.3167982,71.36612022,547700,1184,3.636584855
270,5447014032,Non-TOC Disc,,,1,2020 N BARRANCA ST,APCE-2018-5867-SPE,518,308,114536,95,5,90,0.052631579,1,-851.3994896,0.019315226,90031,1445900,4059800,2753400,1,0,6037199000,44215,30.07836046,31.5729699,372400,1034,2.613858611
271,5471015005,Non-TOC Disc,,,1,767 N AVENUE 50,DIR-2017-2783-SPP,1083,1083,23031.6,17,0,17,0,1,1077.878774,0.022302596,90042,2173400,5109500,3580800,0,0,6037185100,70521,50.33348155,69.62240136,594600,1128,5.106963556
272,5473024021,Non-TOC Disc,,,1,3815 W AVENUE 43,DIR-2017-2272-CDO,281,281,24443,28,0,28,0,14,3909.376011,0.001870401,90041,1793400,4282400,2856600,0,0,6037186202,62697,46.92202462,52.61096606,440300,1158,5.405324197
273,5493004005,Non-TOC BR,,,1,6417 N FIGUEROA ST,,265,265,21017,21,2,19,0.095238095,14,-1989.88354,0.014059935,90042,2173400,5109500,3580800,0,0,6037183220,51667,47.23154362,71.86468647,435200,1167,6.252189351
274,5501004006,Non-TOC Disc,,,1,235 N HOOVER ST,DIR-2015-3939-DB-SPP-DI-SPR,1603,947,261524,221,19,202,0.085972851,13,-3605.348979,0.013204273,90004,3657400,7465700,5780300,0,0,6037211121,45372,5.245153934,10.27466938,704500,1295,2.320832094
275,5503018008,Non-TOC Disc,,,1,4170 W 5TH ST,DIR-2017-181-DB,533,533,20041,28,4,24,0.142857143,10,299.118479,0.013353244,90008,1333600,3898800,2466000,1,0,6037234000,52231,65.6124498,80.51575931,400500,990,4.840878612
276,5503020026,Non-TOC Disc,,,1,510 S OXFORD AVE,DIR-2017-2442-SPR,1034,1003,122280,89,0,89,0,10,-3335.421855,0.014264799,90020,2760100,8340400,5445500,0,1,6037211802,37045,9.923319802,0.289975145,514700,1124,3.348744523
277,5503023009,TOC DISC,1,,1,3920 W 5TH ST,DIR-2018-5859-TOC,727,727,26874,40,4,36,0.1,10,-4494.086735,0.014264799,90020,2760100,8340400,5445500,0,1,6037211802,37045,9.923319802,0.289975145,514700,1124,3.129947828
278,5504019023,Non-TOC BR,,,1,527 S WILTON PL,,748,748,9663,14,0,14,0,4,-1903.823303,0.004079516,90020,2760100,8340400,5445500,0,0,6037211701,62586,26.31118881,23.290938,2000001,1643,3.679369599
279,5518002012,Non-TOC BR,,,1,161 S NORMANDIE AVE,,113,113,10697,13,0,13,0,13,-4934.389711,0.016810281,90004,3657400,7465700,5780300,0,1,6037211420,37614,17.42133538,26.40569395,614000,1010,3.168440091
280,5520024009,Non-TOC Disc,,,1,338 N MARIPOSA AVE,DIR-2014-4909-DB,1449,1171,16100,14,1,13,0.071428571,13,-5161.105473,0.016925397,90004,3657400,7465700,5780300,0,0,6037192620,31571,3.9408867,8.413284133,629300,1037,3.305541309
281,5521003051,TOC DISC,1,,1,660 N OXFORD AVE,DIR-2018-4508-TOC,1397,1280,49948,37,5,32,0.135135135,13,-3574.576402,0.020393493,90004,3657400,7465700,5780300,0,1,6037192510,45792,15.1642797,29.97639654,503200,1225,3.943883461
282,5521004001,Non-TOC Disc,,,1,4864 W MELROSE AVE,DIR-2016-4043-DB,576,534,37944,51,6,45,0.117647059,13,-4185.368414,0.020393493,90029,3178700,7297200,5043100,0,0,6037192510,45792,15.1642797,29.97639654,503200,1225,3.891327326
283,5521004020,Non-TOC BR,,,1,641 N HOBART BLVD,,261,261,13391,14,1,13,0.071428571,13,-4096.03139,0.020393493,90004,3657400,7465700,5780300,0,0,6037192510,45792,15.1642797,29.97639654,503200,1225,3.829677692
284,5521006039,TOC BR,1,,1,4760 W MELROSE AVE,,232,232,21624,39,38,1,0.974358974,13,-4774.545875,0.012276159,90029,3178700,7297200,5043100,0,0,6037192520,35485,6.912144703,14.80144404,497300,998,3.791393091
285,5521007036,TOC DISC,1,,1,4660 W MELROSE AVE,DIR-2018-2736-TOC,666,666,52739,66,6,60,0.090909091,13,-5522.19063,0.012276159,90029,3178700,7297200,5043100,0,0,6037192520,35485,6.912144703,14.80144404,497300,998,3.672207971
286,5521011002,Non-TOC BR,,,1,552 N HOBART BLVD,,233,233,25444,26,2,24,0.076923077,13,-3865.703027,0.020393493,90004,3657400,7465700,5780300,0,0,6037192510,45792,15.1642797,29.97639654,503200,1225,3.761387741
287,5522003006,Non-TOC Disc,,,1,667 N WILTON PL,DIR-2016-2598-DB,630,630,20920,34,3,31,0.088235294,4,-2374.209311,0.015910816,90004,3657400,7465700,5780300,0,0,6037192410,77305,37.38765728,39.21775899,890900,1340,4.203553664
288,5522014012,Non-TOC Disc,,,1,521 N GRAMERCY PL,DIR-2019-1971-TOC,261,170,22424,19,0,19,0,4,-2004.308844,0.015686252,90004,3657400,7465700,5780300,0,0,6037192420,51699,16.03843311,17.32178548,601500,1155,4.072838315
289,5522015010,Non-TOC Disc,,,1,5153 W MAPLEWOOD AVE,DIR-2016-469-DB,1427,1396,53839.08,34,3,31,0.088235294,4,-1436.598074,0.015910816,90004,3657400,7465700,5780300,0,0,6037192410,77305,37.38765728,39.21775899,890900,1340,4.166132596
290,5522016017,TOC DISC,1,,1,5122 W MAPLEWOOD AVE,DIR-2017-4551-TOC,238,238,28868,24,2,22,0.083333333,4,-1553.116973,0.015910816,90004,3657400,7465700,5780300,0,0,6037192410,77305,37.38765728,39.21775899,890900,1340,4.137487469
291,5522019003,Non-TOC Disc,,,1,4749 W ELMWOOD AVE,CPC-2017-2121-DB,714,714,13410,14,1,13,0.071428571,4,-2302.399579,0.015686252,90004,3657400,7465700,5780300,0,1,6037192420,51699,16.03843311,17.32178548,601500,1155,3.876735513
292,5522020011,Non-TOC BR,,,1,4807 W ELMWOOD AVE,,546,546,11974,13,1,12,0.076923077,4,-1890.650123,0.015686252,90004,3657400,7465700,5780300,0,0,6037192420,51699,16.03843311,17.32178548,601500,1155,3.943927266
293,5522028014,Non-TOC BR,,,1,4847 W BEVERLY BLVD,,251,251,26152,16,0,16,0,4,-896.5651158,0.015910816,90004,3657400,7465700,5780300,0,0,6037192410,77305,37.38765728,39.21775899,890900,1340,4.035278018
294,5523022012,Non-TOC Disc,,,1,647 N BEACHWOOD DR,CPC-2016-4316-DB,733,733,43078,52,5,47,0.096153846,4,-2276.644624,0.015910816,90004,3657400,7465700,5780300,0,0,6037192410,77305,37.38765728,39.21775899,890900,1340,4.589886974
295,5527007024,TOC DISC,1,,1,700 N SPAULDING AVE,DIR-2018-4879-TOC-WDI,432,432,20519,24,2,22,0.083333333,5,-1405.792265,0.006081794,90046,3688200,6955800,5470800,0,0,6037192002,92944,43.63081617,52.15924426,847000,1828,6.465915005
296,5527032021,Non-TOC Disc,,,1,429 N HAYWORTH AVE,ZA-2018-5722-ZAA,445,445,24629,16,0,16,0,5,-2636.893294,0.031306498,90048,6388000,12691600,9842100,0,0,6037194500,85313,49.73656481,49.39647168,1392900,1461,6.630876604
297,5528001078,Non-TOC Disc,,,1,725 N CROFT AVE,VTT-82548-CN,325,325,64912.5,31,0,31,0,5,-3811.323864,0.005087774,90069,5757000,11095100,8809700,0,0,6037194402,84367,27.6372315,19.1327671,845700,1958,7.376662294
298,5528003034,Non-TOC Disc,,,1,728 N SWEETZER AVE,VTT-74130-CN,885,872,93349,49,0,49,0,5,-3439.560686,0.005087774,90069,5757000,11095100,8809700,0,0,6037194402,84367,27.6372315,19.1327671,845700,1958,7.17119825
299,5528003040,Non-TOC Disc,,,1,714 N SWEETZER AVE,VTT-74129-CN,889,889,41098,26,0,26,0,5,-3508.277445,0.005087774,90069,5757000,11095100,8809700,0,0,6037194402,84367,27.6372315,19.1327671,845700,1958,7.16615709
300,5529007022,Non-TOC Disc,,,1,1017 N CROFT AVE,VTT-74835-CN,390,264,26140,16,0,16,0,5,-2180.415072,0.005087774,90069,5757000,11095100,8809700,0,0,6037194402,84367,27.6372315,19.1327671,845700,1958,7.505256357
301,5529021047,Non-TOC BR,,,1,857 N HAYWORTH AVE,,774,774,14071,10,0,10,0,5,-2708.431833,0.003715408,90046,3688200,6955800,5470800,0,0,6037194401,77108,16.76970634,26.08695652,1110600,1580,6.817685621
302,5532017020,Non-TOC Disc,,,1,6933 W SANTA MONICA BLVD,CPC-2015-4611-GPA-VZC-HD-DB-MCUP-WDI-SPR,1439,1439,218316,224,15,209,0.066964286,4,-1665.120004,0.004129355,90038,3840200,8602400,6617100,0,0,6037191901,52554,5.518496058,7.615018509,511000,1442,5.821903398
303,5533018001,Non-TOC Disc,,,1,901 N VINE ST,DIR-2014-4497-DB-SPR,1322,1322,74215,70,7,63,0.1,13,-971.0654472,0.01763124,90038,3840200,8602400,6617100,0,0,6037191810,37134,5.906480722,9.039548023,610000,1168,4.997089443
304,5533021029,Non-TOC BR,,,1,900 N WILCOX AVE,,222,222,27439,17,0,17,0,13,292.443617,0.01763124,90038,3840200,8602400,6617100,0,0,6037191810,37134,5.906480722,9.039548023,610000,1168,5.211695484
305,5533035019,Non-TOC Disc,,,1,718 N HUDSON AVE,DIR-2016-881-DB,914,914,38122,23,2,21,0.086956522,4,321.068633,0.019309475,90038,3840200,8602400,6617100,0,0,6037191820,47470,12.14574899,7.096774194,471400,1075,5.15213067
306,5534019029,Non-TOC Disc,,,1,5820 W LA MIRADA AVE,TT-74188,986,973,28807,17,0,17,0,13,-4483.829625,0.019792712,90038,3840200,8602400,6617100,0,1,6037190902,28973,5.534591195,13.45475911,625000,1055,4.789990042
307,5535021003,Non-TOC BR,,,1,945 N OXFORD AVE,,476,476,17168.64,11,0,11,0,13,-4727.602551,0.013172326,90029,3178700,7297200,5043100,0,0,6037191610,32639,14.7766323,30.09771987,677900,1064,4.128634036
308,5536004003,Non-TOC Disc,,,1,5608 W LA MIRADA AVE,DIR-2017-479-DB,546,546,13323,13,1,12,0.076923077,13,-5388.212602,0.013984661,90038,3840200,8602400,6617100,0,1,6037190901,32243,5.308560053,11.7721519,496000,983,4.577204348
309,5536004012,Non-TOC BR,,,1,5639 W LEXINGTON AVE,,401,401,43308,37,3,34,0.081081081,13,-5727.180982,0.013984661,90038,3840200,8602400,6617100,0,1,6037190901,32243,5.308560053,11.7721519,496000,983,4.560471933
310,5537002027,Non-TOC Disc,,,1,5460 W FOUNTAIN AVE,DIR-2015-3566-DB-SPR,1204,1204,62245,49,7,42,0.142857143,13,-4942.67639,0.016969298,90029,3178700,7297200,5043100,0,1,6037191120,32031,10.08505468,22.82282282,541700,1026,4.509495695
311,5537003004,Non-TOC BR,,,1,5342 W FOUNTAIN AVE,,449,449,16799,15,0,15,0,13,-4798.121335,0.016969298,90029,3178700,7297200,5043100,0,0,6037191120,32031,10.08505468,22.82282282,541700,1026,4.418123261
312,5537024004,TOC BR,1,,1,5068 W ROMAINE ST,,602,602,14795,18,2,16,0.111111111,13,-6185.02744,0.029389926,90029,3178700,7297200,5043100,0,0,6037191620,26729,5.734144222,13.29011345,820700,1066,3.958683607
313,5540009010,Non-TOC Disc,,,1,1111 N KENMORE AVE,DIR-2017-2254-DB,818,400,19296,24,4,20,0.166666667,13,-4704.829086,0.031009884,90029,3178700,7297200,5043100,0,0,6037191204,32270,10.15531661,34.375,592200,1003,3.897511064
314,5540011009,Non-TOC Disc,,,1,1223 N EDGEMONT ST,DIR-2017-2402-DB-SPP,310,305,11193,13,1,12,0.076923077,13,-4896.192703,0.019217787,90029,3178700,7297200,5043100,1,0,6037191204,32270,10.15531661,34.375,592200,1003,3.994251125
315,5542003016,Non-TOC Disc,,,1,4531 W HOLLYWOOD BLVD,DIR-2014-2578-SPP-SPR,1997,1743,229960,202,0,202,0,4,-2620.478933,0.0170979,90027,3676900,8415400,5715900,1,1,6037195300,67342,17.70761839,33.37492202,605700,1445,4.045371325
316,5543008007,Non-TOC Disc,,,1,4900 W HOLLYWOOD BLVD,CPC-2013-1595-DB-CU-ZAA-SPP-SPR,2443,1175,174300,150,24,126,0.16,13,-2786.45984,0.011466404,90027,3676900,8415400,5715900,1,1,6037191201,32359,4.09694172,12.5137817,536800,1043,4.433121226
317,5543009021,Non-TOC Disc,,,1,4850 W HOLLYWOOD BLVD,DIR-2017-2825-SPP-SPR,977,715,115632,96,0,96,0,13,-2894.411654,0.011466404,90027,3676900,8415400,5715900,1,1,6037191201,32359,4.09694172,12.5137817,536800,1043,4.403448955
318,5544019014,Non-TOC Disc,,,1,1525 N HOBART BLVD,DIR-2017-1835-DB-SPP,864,864,18487,21,2,19,0.095238095,13,-3424.017359,0.017887168,90027,3676900,8415400,5715900,1,1,6037190520,28892,8.680142687,5.955188679,273800,994,4.598784996
319,5545015042,Non-TOC BR,,,1,1432 N TAMARIND AVE,,538,538,25648,21,0,21,0,13,-4077.892945,0.019792712,90028,4388900,7361400,5920300,0,1,6037190902,28973,5.534591195,13.45475911,625000,1055,5.04392188
320,5546016002,Non-TOC Disc,,,1,6390 W DE LONGPRE AVE,ZA-2015-1766-MCUP-VCU-SPR,1336,794,193631,193,0,193,0,13,-1783.93036,0.005829306,90028,4388900,7361400,5920300,0,1,6037190802,31156,9.407407407,13.77204885,519900,1134,5.439496026
321,5546025003,Non-TOC Disc,,,1,6240 W SUNSET BLVD,CPC-2014-750-VZC-HD-DB-CUB-SPP-SPR,1512,837,193959,200,12,188,0.06,13,-2957.867992,0.0052133,90028,4388900,7361400,5920300,0,1,6037190801,20125,7.726597325,7.892976589,627900,959,5.349077618
322,5547009024,Non-TOC Disc,,,1,1718 N LAS PALMAS AVE,VTT-72491-CN,1625,1625,169531,224,0,224,0,13,-2025.458019,0.004852588,90028,4388900,7361400,5920300,0,1,6037190202,30982,0.50831793,0,,1326,6.040254389
323,5547018005,TOC DISC,1,,1,1530 N CASSIL PL,DIR-2019-2593-SPR-TOC,402,360,107667,200,20,180,0.1,13,-1356.441639,0.02023925,90028,4388900,7361400,5920300,0,1,6037190700,31202,7.409440176,10.0045683,978400,1197,5.781306469
324,5586035040,Non-TOC Disc,,,1,5750 W HOLLYWOOD BLVD,DIR-2014-4287-DB-SPR-SPP,1303,842,166008,161,14,147,0.086956522,13,-2541.501985,0.016300631,90028,4388900,7361400,5920300,1,1,6037190510,28424,0.508762012,2.742731761,,1145,5.111305462
325,5682018046,Non-TOC BR,,,1,2451 W COLORADO BLVD,,1069,1069,40765,41,0,41,0,14,-1856.222679,0.010640084,90041,1793400,4282400,2856600,1,0,6037181000,114154,80.0443459,91.80257511,683200,1105,6.632038406
326,6003030013,TOC BR,1,,1,6211 S VERMONT AVE,,530,530,10403,15,15,0,1,9,-5492.31597,0.011263817,90044,615900,2895300,1579200,1,1,6037237101,24849,28.09839167,68,311200,974,5.027516621
327,6006018001,TOC BR,1,changed to TOC BR,1,6401 S AVALON BLVD,,114,114,13388,28,28,0,1,9,-4911.655958,0.021379676,90003,616300,2737600,1550300,1,1,6037239330,36569,34.33908046,86.4902507,270600,1078,4.670620324
328,6011008027,TOC BR,1,,1,325 E FLORENCE AVE,,200,200,15069,31,31,0,1,9,-2604.501936,0.021379676,90003,616300,2737600,1550300,1,1,6037239330,36569,34.33908046,86.4902507,270600,1078,5.164499915
329,6012009902,TOC DISC,1,,1,6901 S MAIN ST,DIR-2018-394-TOC,437,436,42469,50,49,1,0.98,9,-3603.476873,0.024154561,90003,616300,2737600,1550300,1,1,6037239310,31845,26.91161867,80.0371402,282000,1019,5.047687759
330,6012010034,Non-TOC BR,,,1,7025 S MAIN ST,,699,699,6547,11,0,11,0,9,-3128.577032,0.024154561,90003,616300,2737600,1550300,1,1,6037239310,31845,26.91161867,80.0371402,282000,1019,5.135086527
331,6018003033,TOC DISC,1,,1,1650 W FLORENCE AVE,DIR-2018-6175-TOC,513,333,75105,128,13,115,0.1015625,8,-2324.405405,0.016698159,90047,975700,3515700,2019100,1,1,6037237900,39475,59.69811321,76.75070028,315800,1153,5.93590008
332,6018032001,TOC BR,1,,1,7800 S WESTERN AVE,,342,342,7692,20,2,18,0.1,8,-610.2384838,0.016698159,90047,975700,3515700,2019100,1,1,6037237900,39475,59.69811321,76.75070028,315800,1153,6.351669158
333,6020009031,TOC DISC,1,,1,950 W 76TH ST,DIR-2018-5601-TOC,643,586,37377,50,49,1,0.98,8,-1162.659723,0.017208664,90044,615900,2895300,1579200,1,0,6037237720,24615,17.91767554,52.66015201,291400,1096,5.769781619
334,6022022011,TOC DISC,1,,1,410 E FLORENCE AVE,DIR-2017-4059-TOC,465,406,42835,51,50,1,0.980392157,9,-2551.932249,0.00581683,90003,616300,2737600,1550300,1,1,6037239501,31000,35.18930958,76.94770544,262100,1013,5.147235524
335,6031019013,TOC BR,1,,1,7823 S MAIN ST,,834,834,25342,47,4,43,0.085106383,9,-396.6086876,0.009360581,90003,616300,2737600,1550300,1,1,6037239602,29219,19.31684335,64.66739368,238700,1157,5.63935952
336,6032006021,Non-TOC Disc,,,1,837 W 82ND ST,DIR-2019-1970-DB-PSH-SIP,272,272,11724,17,16,1,0.941176471,8,-772.0096855,0.011842567,90044,615900,2895300,1579200,1,0,6037238310,24369,12.837345,39.61485557,314100,987,6.143146537
337,6032024022,TOC BR,1,,1,611 W 82ND ST,,309,309,10979.6,19,18,1,0.947368421,8,-1022.661858,0.011842567,90044,615900,2895300,1579200,1,0,6037238310,24369,12.837345,39.61485557,314100,987,6.075360185
338,6038010026,Non-TOC Disc,0,"Remove this one -- permit data is strange, and does not appear to be TOC project",0,8750 S VERMONT AVE,VTT-82164,269,269,27777,21,20,1,0.952380952,8,-1507.347838,0.010058815,90044,615900,2895300,1579200,1,0,6037240300,27125,25.85978836,58.80980163,259100,881,6.688240874
339,6038010902,TOC BR,1,,1,957 W 88TH ST,,269,269,42619,41,40,1,0.975609756,8,-1749.383309,0.010058815,90044,615900,2895300,1579200,1,0,6037240300,27125,25.85978836,58.80980163,259100,881,6.590827281
340,6046019920,Non-TOC Disc,,,1,2270 E CENTURY BLVD,DIR-2016-4733-AC,560,560,12537,10,0,10,0,5,-332.2454522,0.006106798,90067,,,,1,0,6037267901,120208,76.73301304,8.713480267,1077900,2372,9.005497282
341,6046019927,Non-TOC BR,,,1,2080 E CENTURY BLVD,,435,435,22618,20,0,20,0,8,2046.533275,0.013030831,90047,975700,3515700,2019100,0,0,6037600400,34853,55.60625815,62.67823931,296900,1035,7.958603891
342,6046019930,Non-TOC Disc,,,1,2062 E 99TH PL,DIR-2019-6968-DB,197,197,105416,80,77,3,0.9625,15,15.56351005,0.0642507,90002,531800,2685900,1394800,1,0,6037242100,14728,0,18.5770751,,524,7.054173881
343,6046021918,Non-TOC BR,,,1,2300 E CENTURY BLVD,,435,435,19051,17,0,17,0,5,-257.2683474,0.006106798,90067,,,,1,0,6037267901,120208,76.73301304,8.713480267,1077900,2372,8.995588029
344,6048004025,TOC BR,1,,1,9515 S COMPTON AVE,,203,203,10051,21,20,1,0.952380952,15,-612.7080094,0.018099211,90002,531800,2685900,1394800,1,0,6037242300,31202,35.23012552,62.31884058,222900,1025,6.809842121
345,6048004030,Non-TOC BR,,,1,9543 S COMPTON AVE,,825,825,16163,17,0,17,0,15,-576.9674165,0.018099211,90002,531800,2685900,1394800,1,0,6037242300,31202,35.23012552,62.31884058,222900,1025,6.826117105
346,6048022066,Non-TOC BR,,,1,9220 S COMPTON AVE,,475,475,12024,12,0,12,0,15,-1512.632187,0.018099211,90002,531800,2685900,1394800,1,0,6037242300,31202,35.23012552,62.31884058,222900,1025,6.598419662
347,6070016007,Non-TOC Disc,,,1,11408 S CENTRAL AVE,DIR-2019-3117-SPR-PSH-SIP,297,250,57358,64,63,1,0.984375,15,670.2525587,0.029532947,90059,556700,2539200,1340800,1,1,6037242600,14483,6.619937695,16.86390533,328000,513,8.110928313
348,6088009036,Non-TOC Disc,,,1,11516 S VERMONT AVE,TT-65361-CN,752,752,45095,31,0,31,0,8,-3033.90696,0.016073923,90044,615900,2895300,1579200,1,0,6037602801,32093,20.20905923,38.07189542,353500,975,8.467792669
349,7418004008,Non-TOC BR,,,1,221 W E ST,,460,460,6496,10,10,0,1,15,10589.48862,0.01675832,90744,715200,2767700,1699600,0,0,6037294830,31830,23.77622378,38.53658537,313000,920,18.81605014
350,7418004009,Non-TOC BR,,,1,505 N MARINE AVE,,416,416,10871,17,17,0,1,15,10656.13141,0.01675832,90744,715200,2767700,1699600,0,0,6037294830,31830,23.77622378,38.53658537,313000,920,18.80839728
351,7455012022,TOC BR,1,,1,336 W 7TH ST,,545,545,35914,32,3,29,0.09375,14,-6558.51305,0.010394719,90014,,,,0,1,6037207301,38176,8.258426966,1.443403393,454300,1324,0.203674173
